molecule_chembl_id,pchembl_value,relation,type,value
CHEMBL564450,9.85,=,IC50,0.00014
CHEMBL3957649,9.70,=,IC50,0.2
CHEMBL3942619,9.70,=,IC50,0.2
CHEMBL3963605,9.70,=,IC50,0.2
CHEMBL2386090,9.70,=,IC50,0.2
CHEMBL4077376,9.70,=,IC50,0.2
CHEMBL4063206,9.70,=,IC50,0.2
CHEMBL3091542,9.64,=,IC50,0.23
CHEMBL491647,9.64,=,IC50,0.23
CHEMBL4076186,9.60,=,IC50,0.25
CHEMBL3410091,9.54,=,IC50,0.29
CHEMBL181031,9.52,=,IC50,0.3
CHEMBL477038,9.46,=,IC50,0.35
CHEMBL3410092,9.43,=,IC50,0.37
CHEMBL4076060,9.40,=,IC50,0.4
CHEMBL4087402,9.40,=,IC50,0.4
CHEMBL1082153,9.40,=,IC50,0.4
CHEMBL3410090,9.35,=,IC50,0.45
CHEMBL3091541,9.33,=,IC50,0.47
CHEMBL4095848,9.30,=,IC50,0.5
CHEMBL4468662,9.29,=,IC50,0.508
CHEMBL489833,9.29,=,IC50,0.51
CHEMBL2386093,9.28,=,IC50,0.53
CHEMBL1080901,9.25,=,IC50,0.56
CHEMBL1940976,9.24,=,IC50,0.57
CHEMBL2386091,9.23,=,IC50,0.59
CHEMBL1940990,9.22,=,IC50,0.6
CHEMBL3185148,9.22,=,IC50,0.0006
CHEMBL1082152,9.22,=,IC50,0.6
CHEMBL3091544,9.19,=,IC50,0.64
CHEMBL270265,9.15,=,IC50,0.7
CHEMBL4084151,9.14,=,IC50,0.73
CHEMBL490636,9.14,=,IC50,0.73
CHEMBL4802108,9.14,=,IC50,0.73
CHEMBL260138,9.10,=,IC50,800.0
CHEMBL4065818,9.10,=,IC50,0.8
CHEMBL260417,9.10,=,IC50,0.8
CHEMBL3410111,9.08,=,IC50,0.83
CHEMBL1940981,9.07,=,IC50,0.86
CHEMBL2386272,9.06,=,IC50,0.87
CHEMBL3091540,9.06,=,IC50,0.87
CHEMBL522590,9.02,=,IC50,0.95
CHEMBL260664,9.00,=,IC50,1.0
CHEMBL261129,9.00,=,IC50,1.0
CHEMBL1082151,9.00,=,IC50,1.0
CHEMBL1940986,9.00,=,IC50,1.0
CHEMBL2048663,9.00,=,IC50,1.0
CHEMBL495727,9.00,=,IC50,1.0
CHEMBL1957949,9.00,=,IC50,0.001
CHEMBL3943813,9.00,=,IC50,1.0
CHEMBL362558,8.96,=,IC50,1.1
CHEMBL4165510,8.96,=,IC50,0.0011
CHEMBL3410089,8.96,=,IC50,1.1
CHEMBL4067532,8.96,=,IC50,1.1
CHEMBL4077048,8.92,=,IC50,1.2
CHEMBL4105346,8.92,=,IC50,1.2
CHEMBL490842,8.92,=,IC50,1.2
CHEMBL4164416,8.89,=,IC50,0.0013
CHEMBL4162850,8.89,=,IC50,0.0013
CHEMBL363058,8.89,=,IC50,1.3
CHEMBL4521500,8.86,=,IC50,1.37
CHEMBL1940979,8.85,=,IC50,1.4
CHEMBL4579826,8.85,=,IC50,1.42
CHEMBL3719193,8.85,=,IC50,1.4
CHEMBL2203552,8.83,=,IC50,1.491
CHEMBL270473,8.82,=,IC50,1.5
CHEMBL362588,8.80,=,IC50,1.6
CHEMBL4169204,8.80,=,IC50,0.0016
CHEMBL4104714,8.77,=,IC50,1.7
CHEMBL4071429,8.77,=,IC50,1.7
CHEMBL4065624,8.74,=,IC50,1.8
CHEMBL54547,8.74,=,IC50,1.8
CHEMBL1081973,8.74,=,IC50,1.8
CHEMBL4085821,8.74,=,IC50,1.8
CHEMBL2386092,8.72,=,IC50,1.9
CHEMBL526110,8.70,=,IC50,0.002
CHEMBL4172295,8.70,=,IC50,0.002
CHEMBL549953,8.70,=,IC50,0.002
CHEMBL4098458,8.70,=,IC50,2.0
CHEMBL4088777,8.70,=,IC50,2.0
CHEMBL2048685,8.70,=,IC50,2.0
CHEMBL2048660,8.70,=,IC50,2.0
CHEMBL2048684,8.70,=,IC50,2.0
CHEMBL233970,8.70,=,IC50,0.002
CHEMBL2048680,8.70,=,IC50,2.0
CHEMBL3949218,8.68,=,IC50,2.1
CHEMBL4074586,8.66,=,IC50,2.2
CHEMBL4072455,8.64,=,IC50,2.3
CHEMBL516640,8.64,=,IC50,2.3
CHEMBL1230134,8.64,=,IC50,2.3
CHEMBL1088149,8.62,=,IC50,2.4
CHEMBL3410094,8.62,=,IC50,2.4
CHEMBL3410096,8.62,=,IC50,2.4
CHEMBL1940989,8.62,=,IC50,2.4
CHEMBL513570,8.60,=,IC50,2.5
CHEMBL3085387,8.60,=,IC50,2.5
CHEMBL4073837,8.59,=,IC50,2.6
CHEMBL178737,8.59,=,IC50,2.6
CHEMBL4093559,8.57,=,IC50,2.7
CHEMBL4449746,8.56,=,IC50,2.75
CHEMBL1684800,8.56,=,IC50,2.73
CHEMBL6291,8.55,=,IC50,2.8
CHEMBL3091538,8.54,=,IC50,2.9
CHEMBL2048670,8.52,=,IC50,3.0
CHEMBL2048676,8.52,=,IC50,3.0
CHEMBL2048662,8.52,=,IC50,3.0
CHEMBL402902,8.52,=,IC50,3.0
CHEMBL3647955,8.52,=,IC50,3.0
CHEMBL1162963,8.52,=,IC50,0.003
CHEMBL1957956,8.52,=,IC50,0.003
CHEMBL2048677,8.52,=,IC50,3.0
CHEMBL4526183,8.52,=,IC50,0.003
CHEMBL2048681,8.52,=,IC50,3.0
CHEMBL4483032,8.52,=,IC50,0.003
CHEMBL3969156,8.52,=,IC50,3.0
CHEMBL2048682,8.52,=,IC50,3.0
CHEMBL2048678,8.52,=,IC50,3.0
CHEMBL4747992,8.52,=,IC50,0.003
CHEMBL1231352,8.52,=,IC50,3.0
CHEMBL1650951,8.52,=,IC50,3.0
CHEMBL3401132,8.51,=,IC50,3.1
CHEMBL499006,8.51,=,IC50,3.1
CHEMBL1081294,8.49,=,IC50,3.2
CHEMBL3091539,8.49,=,IC50,3.2
CHEMBL4213175,8.47,=,IC50,3.4
CHEMBL489210,8.46,=,IC50,3.5
CHEMBL471833,8.46,=,IC50,3.5
CHEMBL4096472,8.46,=,IC50,3.5
CHEMBL4463440,8.45,=,IC50,3.59
CHEMBL431933,8.44,=,IC50,3.6
CHEMBL3401131,8.43,=,IC50,3.7
CHEMBL2386088,8.43,=,IC50,3.7
CHEMBL4065956,8.42,=,IC50,3.8
CHEMBL4067170,8.41,=,IC50,3.9
CHEMBL2048659,8.40,=,IC50,4.0
CHEMBL103506,8.40,=,IC50,0.004
CHEMBL1830063,8.40,=,IC50,4.0
CHEMBL1276127,8.40,=,IC50,4.0
CHEMBL4632807,8.40,=,IC50,0.004
CHEMBL321315,8.40,=,IC50,0.004
CHEMBL407981,8.40,=,IC50,4.0
CHEMBL4640019,8.40,=,IC50,0.004
CHEMBL111298,8.40,=,IC50,0.004
CHEMBL4093930,8.39,=,IC50,4.1
CHEMBL368248,8.38,=,IC50,4.2
CHEMBL2094331,8.38,=,IC50,0.00419
CHEMBL4101293,8.38,=,IC50,4.2
CHEMBL3401129,8.38,=,IC50,4.2
CHEMBL4089702,8.37,=,IC50,4.3
CHEMBL4100923,8.37,=,IC50,4.3
CHEMBL3410107,8.36,=,IC50,4.4
CHEMBL4543687,8.35,=,IC50,4.43
CHEMBL3091464,8.34,=,IC50,4.6
CHEMBL3410097,8.33,=,IC50,4.7
CHEMBL4078436,8.33,=,IC50,4.7
CHEMBL2386096,8.32,=,IC50,4.8
CHEMBL3401127,8.31,=,IC50,4.9
CHEMBL471430,8.31,=,IC50,4.9
CHEMBL261518,8.30,=,IC50,5.0
CHEMBL368246,8.30,=,IC50,5.0
CHEMBL258483,8.30,=,IC50,5.0
CHEMBL272629,8.30,=,IC50,5.0
CHEMBL259271,8.30,=,IC50,5.0
CHEMBL260416,8.30,=,IC50,5.0
CHEMBL182419,8.30,=,IC50,0.005
CHEMBL359794,8.30,=,IC50,0.005
CHEMBL4755445,8.30,=,IC50,0.005
CHEMBL361196,8.30,=,IC50,0.005
CHEMBL1093747,8.30,=,IC50,5.0
CHEMBL3125370,8.30,=,IC50,5.0
CHEMBL1801637,8.30,=,IC50,0.005
CHEMBL3647956,8.30,=,IC50,5.0
CHEMBL2177161,8.30,=,IC50,5.0
CHEMBL4792678,8.30,=,IC50,0.005
CHEMBL188938,8.30,=,IC50,0.005
CHEMBL492244,8.30,=,IC50,0.005
CHEMBL4077172,8.30,=,IC50,5.0
CHEMBL491447,8.29,=,IC50,5.1
CHEMBL2386106,8.28,=,IC50,5.3
CHEMBL186290,8.28,=,IC50,5.2
CHEMBL2386112,8.28,=,IC50,5.3
CHEMBL4161007,8.28,=,IC50,0.0052
CHEMBL4062791,8.28,=,IC50,5.2
CHEMBL4080891,8.27,=,IC50,5.4
CHEMBL522464,8.27,=,IC50,5.4
CHEMBL4763626,8.26,=,IC50,5.46
CHEMBL512144,8.24,=,IC50,5.7
CHEMBL1092754,8.23,=,IC50,5.9
CHEMBL3410110,8.23,=,IC50,5.9
CHEMBL111005,8.22,=,IC50,0.006
CHEMBL105477,8.22,=,IC50,0.006
CHEMBL260662,8.22,=,IC50,6.0
CHEMBL1957955,8.22,=,IC50,0.006
CHEMBL3735986,8.22,=,IC50,6.0
CHEMBL4643920,8.22,=,IC50,0.006
CHEMBL1086427,8.22,=,IC50,6.0
CHEMBL3652545,8.22,=,IC50,6.0
CHEMBL1682851,8.21,=,IC50,6.1
CHEMBL3735890,8.21,=,IC50,6.1
CHEMBL4747410,8.19,=,IC50,6.5
CHEMBL513878,8.19,=,IC50,6.5
CHEMBL1081617,8.19,=,IC50,6.4
CHEMBL3091543,8.19,=,IC50,6.5
CHEMBL1087242,8.18,=,IC50,6.6
CHEMBL4080483,8.18,=,IC50,6.6
CHEMBL3410106,8.17,=,IC50,6.8
CHEMBL4097431,8.17,=,IC50,6.7
CHEMBL562023,8.15,=,IC50,0.007
CHEMBL261549,8.15,=,IC50,7.0
CHEMBL409738,8.15,=,IC50,7.0
CHEMBL255735,8.15,=,IC50,7.0
CHEMBL2048683,8.15,=,IC50,7.0
CHEMBL264161,8.15,=,IC50,7.0
CHEMBL247067,8.15,=,IC50,0.007
CHEMBL259838,8.15,=,IC50,7.0
CHEMBL1957947,8.15,=,IC50,0.007
CHEMBL408564,8.15,=,IC50,7.0
CHEMBL1087499,8.15,=,IC50,7.0
CHEMBL1095040,8.15,=,IC50,7.0
CHEMBL3401118,8.15,=,IC50,7.0
CHEMBL1630488,8.15,=,IC50,7.0
CHEMBL412142,8.15,=,IC50,0.007
CHEMBL407980,8.15,=,IC50,7.0
CHEMBL3410104,8.15,=,IC50,7.0
CHEMBL489422,8.15,=,IC50,7.0
CHEMBL4752296,8.15,=,IC50,0.006999999999999999
CHEMBL102714,8.15,=,IC50,0.007
CHEMBL109981,8.15,=,IC50,0.007
CHEMBL3091531,8.13,=,IC50,7.4
CHEMBL4089283,8.13,=,IC50,7.4
CHEMBL3410101,8.12,=,IC50,7.5
CHEMBL505673,8.12,=,IC50,7.5
CHEMBL4082944,8.11,=,IC50,7.8
CHEMBL3218297,8.11,=,IC50,7.77
CHEMBL181339,8.11,=,IC50,7.7
CHEMBL2048665,8.10,=,IC50,8.0
CHEMBL109977,8.10,=,IC50,0.008
CHEMBL1957959,8.10,=,IC50,0.008
CHEMBL405145,8.10,=,IC50,8.0
CHEMBL2048679,8.10,=,IC50,8.0
CHEMBL105620,8.10,=,IC50,0.008
CHEMBL3647954,8.10,=,IC50,8.0
CHEMBL1095041,8.10,=,IC50,8.0
CHEMBL497564,8.10,=,IC50,0.008
CHEMBL4794823,8.10,=,IC50,0.008
CHEMBL260345,8.10,=,IC50,8.0
CHEMBL1081972,8.09,=,IC50,8.2
CHEMBL4080416,8.09,=,IC50,8.2
CHEMBL4081408,8.09,=,IC50,8.1
CHEMBL4082198,8.08,=,IC50,8.3
CHEMBL471832,8.08,=,IC50,8.4
CHEMBL1682850,8.07,=,IC50,8.5
CHEMBL4096984,8.07,=,IC50,8.6
CHEMBL472043,8.07,=,IC50,8.6
CHEMBL178851,8.06,=,IC50,8.7
CHEMBL3091545,8.05,=,IC50,8.9
CHEMBL4776811,8.05,=,IC50,0.009000000000000001
CHEMBL2048673,8.05,=,IC50,9.0
CHEMBL406125,8.05,=,IC50,9.0
CHEMBL337300,8.05,=,IC50,0.009
CHEMBL2048672,8.05,=,IC50,9.0
CHEMBL2180882,8.05,=,IC50,9.0
CHEMBL461261,8.03,=,IC50,9.4
CHEMBL3735176,8.02,=,IC50,9.6
CHEMBL4104642,8.02,=,IC50,9.6
CHEMBL3401128,8.01,=,IC50,9.7
CHEMBL361708,8.00,=,IC50,0.01
CHEMBL461262,8.00,=,IC50,10.0
CHEMBL1940987,8.00,=,IC50,10.0
CHEMBL299756,8.00,=,IC50,0.01
CHEMBL495696,8.00,=,IC50,0.01
CHEMBL1940907,8.00,=,IC50,10.0
CHEMBL1088724,8.00,=,IC50,10.0
CHEMBL1957960,8.00,=,IC50,0.01
CHEMBL326971,8.00,=,IC50,0.01
CHEMBL1095366,8.00,=,IC50,10.0
CHEMBL2048669,8.00,=,IC50,10.0
CHEMBL4756451,8.00,=,IC50,0.01
CHEMBL3652543,8.00,=,IC50,10.0
CHEMBL490637,7.99,=,IC50,10.2
CHEMBL1630434,7.97,=,IC50,10.8
CHEMBL4061578,7.96,=,IC50,11.0
CHEMBL3410095,7.96,=,IC50,11.0
CHEMBL407002,7.96,=,IC50,11.0
CHEMBL4561980,7.96,=,IC50,0.011
CHEMBL1077218,7.96,=,IC50,11.0
CHEMBL397771,7.96,=,IC50,0.011
CHEMBL4787873,7.96,=,IC50,0.011000000000000001
CHEMBL361007,7.96,=,IC50,11.0
CHEMBL4076001,7.96,=,IC50,11.0
CHEMBL4066990,7.96,=,IC50,11.0
CHEMBL261441,7.96,=,IC50,11.0
CHEMBL2386273,7.95,=,IC50,11.2
CHEMBL2386089,7.94,=,IC50,11.5
CHEMBL3401116,7.92,=,IC50,12.0
CHEMBL408019,7.92,=,IC50,12.0
CHEMBL1097003,7.92,=,IC50,12.0
CHEMBL3401117,7.92,=,IC50,12.0
CHEMBL3699444,7.92,=,IC50,12.0
CHEMBL3673985,7.92,=,IC50,12.0
CHEMBL4064936,7.92,=,IC50,12.0
CHEMBL3735215,7.92,=,IC50,12.0
CHEMBL362814,7.92,=,IC50,12.0
CHEMBL1077213,7.92,=,IC50,12.0
CHEMBL410926,7.92,=,IC50,12.0
CHEMBL3091536,7.92,=,IC50,12.0
CHEMBL1834330,7.92,=,IC50,12.0
CHEMBL2048671,7.92,=,IC50,12.0
CHEMBL2048661,7.92,=,IC50,12.0
CHEMBL2347053,7.89,=,IC50,13.0
CHEMBL402541,7.89,=,IC50,13.0
CHEMBL4064440,7.89,=,IC50,13.0
CHEMBL2048674,7.89,=,IC50,13.0
CHEMBL3093032,7.89,=,IC50,13.0
CHEMBL4095172,7.89,=,IC50,13.0
CHEMBL3652540,7.89,=,IC50,13.0
CHEMBL584976,7.89,=,IC50,13.0
CHEMBL1834315,7.89,=,IC50,13.0
CHEMBL215803,7.89,=,IC50,13.0
CHEMBL179725,7.89,=,IC50,13.0
CHEMBL470167,7.89,=,IC50,13.0
CHEMBL3398202,7.89,=,IC50,13.0
CHEMBL3410087,7.89,=,IC50,13.0
CHEMBL4445449,7.89,=,IC50,0.013
CHEMBL4068148,7.89,=,IC50,13.0
CHEMBL3091537,7.89,=,IC50,13.0
CHEMBL3093034,7.89,=,IC50,13.0
CHEMBL490861,7.88,=,IC50,13.2
CHEMBL2391118,7.85,=,IC50,0.014
CHEMBL2048666,7.85,=,IC50,14.0
CHEMBL2048658,7.85,=,IC50,14.0
CHEMBL4095163,7.85,=,IC50,14.0
CHEMBL1089723,7.85,=,IC50,14.0
CHEMBL1097694,7.85,=,IC50,14.0
CHEMBL326208,7.85,=,IC50,0.014
CHEMBL4641082,7.85,=,IC50,0.014
CHEMBL396614,7.85,=,IC50,0.014
CHEMBL325817,7.85,=,IC50,0.014
CHEMBL3401120,7.85,=,IC50,14.0
CHEMBL4633136,7.85,=,IC50,0.014
CHEMBL4753139,7.85,=,IC50,0.013999999999999999
CHEMBL317657,7.85,=,IC50,14.0
CHEMBL4744911,7.84,=,IC50,14.6
CHEMBL2386097,7.82,=,IC50,15.0
CHEMBL260163,7.82,=,IC50,15.0
CHEMBL4748993,7.82,=,IC50,0.015
CHEMBL436837,7.82,=,IC50,15.0
CHEMBL575138,7.82,=,IC50,0.015
CHEMBL4075400,7.82,=,IC50,15.0
CHEMBL1957954,7.82,=,IC50,0.015
CHEMBL503469,7.82,=,IC50,15.0
CHEMBL109834,7.82,=,IC50,0.015
CHEMBL4647659,7.80,=,IC50,0.016
CHEMBL406644,7.80,=,IC50,16.0
CHEMBL468963,7.80,=,IC50,0.016
CHEMBL2203556,7.80,=,IC50,0.016
CHEMBL4748792,7.80,=,IC50,0.016
CHEMBL1210175,7.80,=,IC50,0.016
CHEMBL469507,7.80,=,IC50,16.0
CHEMBL1940980,7.80,=,IC50,16.0
CHEMBL359963,7.80,=,IC50,0.016
CHEMBL306865,7.80,=,IC50,0.016
CHEMBL3647950,7.80,=,IC50,16.0
CHEMBL3401125,7.80,=,IC50,16.0
CHEMBL484685,7.79,=,IC50,16.1
CHEMBL4527984,7.78,=,IC50,16.5
CHEMBL2048664,7.77,=,IC50,17.0
CHEMBL2391102,7.77,=,IC50,0.017
CHEMBL3401115,7.77,=,IC50,17.0
CHEMBL340935,7.77,=,IC50,0.017
CHEMBL1347394,7.77,=,IC50,17.1
CHEMBL3735856,7.77,=,IC50,17.0
CHEMBL1630452,7.77,=,IC50,17.0
CHEMBL4645337,7.77,=,IC50,0.017
CHEMBL2046466,7.77,=,IC50,17.0
CHEMBL501724,7.76,=,IC50,17.2
CHEMBL1682842,7.76,=,IC50,17.4
CHEMBL4069785,7.75,=,IC50,18.0
CHEMBL325654,7.75,=,IC50,0.018
CHEMBL3736455,7.75,=,IC50,18.0
CHEMBL4103742,7.75,=,IC50,18.0
CHEMBL3735506,7.75,=,IC50,18.0
CHEMBL260680,7.75,=,IC50,18.0
CHEMBL336961,7.75,=,IC50,0.018
CHEMBL469508,7.75,=,IC50,18.0
CHEMBL1091081,7.75,=,IC50,18.0
CHEMBL331000,7.75,=,IC50,0.018
CHEMBL407373,7.75,=,IC50,18.0
CHEMBL2386108,7.75,=,IC50,17.6
CHEMBL4290039,7.75,=,IC50,18.0
CHEMBL1630487,7.75,=,IC50,18.0
CHEMBL4474903,7.73,=,IC50,18.46
CHEMBL2391101,7.72,=,IC50,0.019
CHEMBL3401119,7.72,=,IC50,19.0
CHEMBL4796437,7.72,=,IC50,0.019
CHEMBL3401126,7.72,=,IC50,19.0
CHEMBL4102920,7.72,=,IC50,19.0
CHEMBL261596,7.72,=,IC50,19.0
CHEMBL3938724,7.72,=,IC50,19.0
CHEMBL4757470,7.71,=,IC50,19.7
CHEMBL1940985,7.70,=,IC50,20.0
CHEMBL4088266,7.70,=,IC50,20.0
CHEMBL352222,7.70,=,IC50,20.0
CHEMBL1957950,7.70,=,IC50,0.02
CHEMBL183038,7.70,=,IC50,0.02
CHEMBL3735603,7.70,=,IC50,20.0
CHEMBL574613,7.70,=,IC50,20.0
CHEMBL50894,7.70,=,IC50,20.0
CHEMBL495751,7.70,=,IC50,0.02
CHEMBL3652549,7.70,=,IC50,20.0
CHEMBL3652550,7.70,=,IC50,20.0
CHEMBL2386102,7.70,=,IC50,19.8
CHEMBL4635680,7.70,=,IC50,0.02
CHEMBL3652541,7.70,=,IC50,20.0
CHEMBL523735,7.70,=,IC50,0.02
CHEMBL3661033,7.70,=,IC50,20.0
CHEMBL263907,7.70,=,IC50,20.0
CHEMBL423323,7.70,=,IC50,0.02
CHEMBL26501,7.70,=,IC50,20.0
CHEMBL3647951,7.68,=,IC50,21.0
CHEMBL407730,7.68,=,IC50,21.0
CHEMBL4071773,7.68,=,IC50,21.0
CHEMBL4779478,7.68,=,IC50,20.8
CHEMBL3736035,7.68,=,IC50,21.0
CHEMBL2386095,7.67,=,IC50,21.4
CHEMBL3091529,7.66,=,IC50,22.0
CHEMBL4099428,7.66,=,IC50,22.0
CHEMBL126077,7.66,=,IC50,22.0
CHEMBL2064532,7.66,=,IC50,0.022
CHEMBL4633727,7.66,=,IC50,0.022
CHEMBL53745,7.66,=,IC50,22.0
CHEMBL1834318,7.66,=,IC50,22.0
CHEMBL4070244,7.66,=,IC50,22.0
CHEMBL4068965,7.66,=,IC50,22.0
CHEMBL3410105,7.66,=,IC50,22.0
CHEMBL1087243,7.66,=,IC50,22.0
CHEMBL4789145,7.66,=,IC50,22.0
CHEMBL1091082,7.66,=,IC50,22.0
CHEMBL4638321,7.66,=,IC50,0.022
CHEMBL259744,7.66,=,IC50,22.0
CHEMBL3093050,7.64,=,IC50,23.0
CHEMBL4475312,7.64,=,IC50,0.023
CHEMBL404507,7.64,=,IC50,23.0
CHEMBL253956,7.64,=,IC50,23.0
CHEMBL296586,7.64,=,IC50,0.023
CHEMBL3401121,7.64,=,IC50,23.0
CHEMBL4443821,7.64,=,IC50,22.8
CHEMBL4568087,7.64,=,IC50,23.0
CHEMBL1091083,7.64,=,IC50,23.0
CHEMBL4067737,7.62,=,IC50,24.0
CHEMBL3940448,7.62,=,IC50,24.0
CHEMBL3410108,7.62,=,IC50,24.0
CHEMBL4090743,7.62,=,IC50,24.0
CHEMBL247271,7.62,=,IC50,0.024
CHEMBL427909,7.62,=,IC50,24.0
CHEMBL516261,7.62,=,IC50,23.8
CHEMBL4760111,7.62,=,IC50,23.8
CHEMBL98153,7.62,=,IC50,0.024
CHEMBL404565,7.62,=,IC50,24.0
CHEMBL4075525,7.60,=,IC50,25.0
CHEMBL399140,7.60,=,IC50,25.0
CHEMBL103055,7.60,=,IC50,0.025
CHEMBL3652551,7.60,=,IC50,25.0
CHEMBL469509,7.60,=,IC50,25.0
CHEMBL2386107,7.60,=,IC50,25.2
CHEMBL489435,7.60,=,IC50,25.3
CHEMBL3093054,7.60,=,IC50,25.0
CHEMBL4756424,7.58,=,IC50,26.3
CHEMBL111620,7.58,=,IC50,0.026
CHEMBL4795876,7.58,=,IC50,0.026000000000000002
CHEMBL4634867,7.58,=,IC50,0.026
CHEMBL253748,7.58,=,IC50,26.0
CHEMBL1957952,7.58,=,IC50,0.026
CHEMBL4792741,7.58,=,IC50,0.026000000000000002
CHEMBL4076883,7.58,=,IC50,26.0
CHEMBL4076461,7.58,=,IC50,26.0
CHEMBL336179,7.58,=,IC50,0.026
CHEMBL3735522,7.58,=,IC50,26.0
CHEMBL1210236,7.58,=,IC50,0.026
CHEMBL156379,7.58,=,IC50,26.0
CHEMBL251393,7.57,=,IC50,0.027
CHEMBL2391122,7.57,=,IC50,0.027
CHEMBL3093053,7.57,=,IC50,27.0
CHEMBL3091547,7.57,=,IC50,27.0
CHEMBL2048668,7.57,=,IC50,27.0
CHEMBL1082236,7.57,=,IC50,0.027
CHEMBL3736167,7.57,=,IC50,27.0
CHEMBL2206750,7.57,=,IC50,27.1
CHEMBL407003,7.57,=,IC50,27.0
CHEMBL4742138,7.57,=,IC50,0.027000000000000003
CHEMBL3968891,7.56,=,IC50,27.7
CHEMBL4787336,7.56,=,IC50,27.7
CHEMBL599224,7.55,=,IC50,0.028
CHEMBL470168,7.55,=,IC50,28.0
CHEMBL160586,7.55,=,IC50,28.0
CHEMBL4636306,7.55,=,IC50,0.028
CHEMBL2391121,7.54,=,IC50,0.029
CHEMBL4098678,7.54,=,IC50,29.0
CHEMBL2048675,7.52,=,IC50,30.0
CHEMBL3661031,7.52,=,IC50,30.0
CHEMBL3652547,7.52,=,IC50,30.0
CHEMBL181959,7.52,=,IC50,0.03
CHEMBL396327,7.52,=,IC50,0.03
CHEMBL329505,7.52,=,IC50,0.03
CHEMBL3410109,7.52,=,IC50,30.0
CHEMBL3401122,7.52,=,IC50,30.0
CHEMBL311228,7.52,=,IC50,30.0
CHEMBL3410093,7.52,=,IC50,30.0
CHEMBL258081,7.52,=,IC50,30.0
CHEMBL559559,7.52,=,IC50,0.03
CHEMBL3647952,7.52,=,IC50,30.0
CHEMBL403405,7.52,=,IC50,0.03
CHEMBL405759,7.52,=,IC50,0.03
CHEMBL1834324,7.51,=,IC50,31.0
CHEMBL1969664,7.51,=,IC50,31.0
CHEMBL4633607,7.51,=,IC50,0.031
CHEMBL1081616,7.51,=,IC50,31.0
CHEMBL333829,7.51,=,IC50,0.031
CHEMBL3735967,7.51,=,IC50,31.0
CHEMBL1834125,7.51,=,IC50,31.0
CHEMBL430694,7.51,=,IC50,0.031
CHEMBL4643095,7.51,=,IC50,0.031
CHEMBL4799661,7.51,=,IC50,31.0
CHEMBL103421,7.51,=,IC50,0.031
CHEMBL1957953,7.51,=,IC50,0.031
CHEMBL359554,7.50,=,IC50,0.032
CHEMBL2391125,7.50,=,IC50,0.032
CHEMBL3919553,7.50,=,IC50,32.0
CHEMBL106384,7.48,=,IC50,0.033
CHEMBL4641148,7.48,=,IC50,0.033
CHEMBL1940900,7.48,=,IC50,33.0
CHEMBL340776,7.47,=,IC50,0.034
CHEMBL4288850,7.47,=,IC50,34.0
CHEMBL2071201,7.47,=,IC50,34.0
CHEMBL574588,7.47,=,IC50,34.0
CHEMBL442802,7.47,=,IC50,0.034
CHEMBL4648050,7.47,=,IC50,0.034
CHEMBL574591,7.46,=,IC50,35.0
CHEMBL301138,7.46,=,IC50,35.0
CHEMBL2391100,7.46,=,IC50,0.035
CHEMBL3401130,7.46,=,IC50,35.0
CHEMBL1081128,7.46,=,IC50,35.0
CHEMBL495039,7.46,=,IC50,35.0
CHEMBL522751,7.46,=,IC50,34.5
CHEMBL574159,7.46,=,IC50,35.0
CHEMBL4536012,7.46,=,IC50,35.0
CHEMBL398621,7.46,=,IC50,0.035
CHEMBL260243,7.46,=,IC50,35.0
CHEMBL2386105,7.45,=,IC50,35.7
CHEMBL3398203,7.44,=,IC50,36.0
CHEMBL260663,7.44,=,IC50,36.0
CHEMBL2064520,7.44,=,IC50,0.036
CHEMBL1241659,7.44,=,IC50,0.036
CHEMBL1940905,7.44,=,IC50,36.0
CHEMBL549804,7.44,=,IC50,0.036
CHEMBL1940906,7.43,=,IC50,37.0
CHEMBL3410088,7.43,=,IC50,37.0
CHEMBL392167,7.43,=,IC50,0.037
CHEMBL4787590,7.43,=,IC50,37.1
CHEMBL324268,7.43,=,IC50,0.037
CHEMBL3093033,7.42,=,IC50,38.0
CHEMBL4764558,7.42,=,IC50,0.038
CHEMBL4454448,7.42,=,IC50,38.0
CHEMBL181464,7.42,=,IC50,38.0
CHEMBL3670690,7.42,=,IC50,38.4
CHEMBL578628,7.42,=,IC50,38.0
CHEMBL4785004,7.41,=,IC50,39.3
CHEMBL4452444,7.41,=,IC50,0.039
CHEMBL3093049,7.41,=,IC50,39.0
CHEMBL2064533,7.41,=,IC50,0.039
CHEMBL3735061,7.41,=,IC50,39.0
CHEMBL260231,7.41,=,IC50,39.0
CHEMBL4645145,7.41,=,IC50,0.039
CHEMBL540245,7.41,=,IC50,0.039
CHEMBL191384,7.40,=,IC50,0.04
CHEMBL3735459,7.40,=,IC50,40.0
CHEMBL562089,7.40,=,IC50,0.04
CHEMBL3969996,7.40,=,IC50,40.0
CHEMBL1099276,7.40,=,IC50,40.0
CHEMBL321529,7.40,=,IC50,0.04
CHEMBL2177142,7.40,=,IC50,40.0
CHEMBL319467,7.40,=,IC50,40.0
CHEMBL3736449,7.40,=,IC50,40.0
CHEMBL4638292,7.40,=,IC50,0.04
CHEMBL1940977,7.40,=,IC50,40.0
CHEMBL2386103,7.40,=,IC50,39.7
CHEMBL3401124,7.39,=,IC50,41.0
CHEMBL4749327,7.39,=,IC50,41.1
CHEMBL255905,7.39,=,IC50,41.0
CHEMBL2386099,7.39,=,IC50,41.1
CHEMBL4746460,7.39,=,IC50,0.040999999999999995
CHEMBL1099297,7.39,=,IC50,41.0
CHEMBL2064536,7.39,=,IC50,0.041
CHEMBL523113,7.38,=,IC50,42.0
CHEMBL1087380,7.38,=,IC50,42.0
CHEMBL584757,7.38,=,IC50,42.0
CHEMBL4756997,7.38,=,IC50,41.6
CHEMBL261659,7.38,=,IC50,42.0
CHEMBL406701,7.37,=,IC50,43.0
CHEMBL4078869,7.37,=,IC50,43.0
CHEMBL103628,7.37,=,IC50,0.043
CHEMBL4753347,7.37,=,IC50,42.6
CHEMBL4514346,7.37,=,IC50,0.043
CHEMBL2048667,7.36,=,IC50,44.0
CHEMBL3929715,7.36,=,IC50,44.0
CHEMBL514401,7.36,=,IC50,44.0
CHEMBL1834323,7.36,=,IC50,44.0
CHEMBL1082237,7.36,=,IC50,0.044
CHEMBL1957946,7.36,=,IC50,0.044
CHEMBL1834114,7.35,=,IC50,45.0
CHEMBL3735835,7.35,=,IC50,45.0
CHEMBL4791089,7.35,=,IC50,0.045
CHEMBL1761791,7.35,=,IC50,45.0
CHEMBL1834117,7.35,=,IC50,45.0
CHEMBL3735079,7.35,=,IC50,45.0
CHEMBL109944,7.35,=,IC50,0.045
CHEMBL3922494,7.35,=,IC50,44.3
CHEMBL4078643,7.34,=,IC50,46.0
CHEMBL1957958,7.34,=,IC50,0.046
CHEMBL3891139,7.34,=,IC50,46.0
CHEMBL4564217,7.33,=,IC50,0.047
CHEMBL4794527,7.33,=,IC50,46.9
CHEMBL4741219,7.33,=,IC50,46.7
CHEMBL4456432,7.33,=,IC50,0.047
CHEMBL1834118,7.33,=,IC50,47.0
CHEMBL2048657,7.33,=,IC50,47.0
CHEMBL1801633,7.33,=,IC50,0.047
CHEMBL599428,7.32,=,IC50,0.048
CHEMBL489845,7.32,=,IC50,48.3
CHEMBL337642,7.32,=,IC50,0.048
CHEMBL3652544,7.32,=,IC50,48.0
CHEMBL3960209,7.31,=,IC50,49.0
CHEMBL4761297,7.31,=,IC50,49.2
CHEMBL1834326,7.31,=,IC50,49.0
CHEMBL4559169,7.31,=,IC50,49.0
CHEMBL1093079,7.31,=,IC50,49.0
CHEMBL368193,7.31,=,IC50,0.049
CHEMBL4785551,7.31,=,IC50,0.049
CHEMBL4067909,7.31,=,IC50,49.0
CHEMBL402932,7.31,=,IC50,49.0
CHEMBL3661029,7.30,=,IC50,50.0
CHEMBL1682838,7.30,=,IC50,50.1
CHEMBL573257,7.30,=,IC50,50.0
CHEMBL3735779,7.30,=,IC50,0.05
CHEMBL524059,7.30,=,IC50,0.05
CHEMBL380946,7.30,=,IC50,0.05
CHEMBL1077233,7.30,=,IC50,50.0
CHEMBL1957957,7.30,=,IC50,0.05
CHEMBL4089159,7.29,=,IC50,51.0
CHEMBL3950215,7.29,=,IC50,51.7
CHEMBL4791286,7.29,=,IC50,51.7
CHEMBL3091546,7.29,=,IC50,51.0
CHEMBL1682849,7.29,=,IC50,51.0
CHEMBL257575,7.29,=,IC50,51.0
CHEMBL130774,7.29,=,IC50,0.051
CHEMBL369572,7.28,=,IC50,53.0
CHEMBL3735627,7.28,=,IC50,53.0
CHEMBL3093031,7.28,=,IC50,52.0
CHEMBL4455711,7.28,=,IC50,53.0
CHEMBL1630483,7.28,=,IC50,53.0
CHEMBL158885,7.28,=,IC50,52.0
CHEMBL1254896,7.28,=,IC50,53.0
CHEMBL576183,7.27,=,IC50,54.0
CHEMBL401303,7.27,=,IC50,0.054
CHEMBL470360,7.27,=,IC50,54.0
CHEMBL489410,7.26,=,IC50,55.0
CHEMBL1089722,7.26,=,IC50,55.0
CHEMBL1088618,7.26,=,IC50,0.055
CHEMBL1093745,7.26,=,IC50,55.0
CHEMBL4635900,7.26,=,IC50,0.055
CHEMBL258701,7.25,=,IC50,56.0
CHEMBL1093390,7.25,=,IC50,56.0
CHEMBL2391098,7.25,=,IC50,0.056
CHEMBL4082385,7.25,=,IC50,56.0
CHEMBL2386109,7.24,=,IC50,58.2
CHEMBL422714,7.24,=,IC50,58.0
CHEMBL1834329,7.24,=,IC50,57.0
CHEMBL4476724,7.23,=,IC50,59.0
CHEMBL4474740,7.23,=,IC50,0.059
CHEMBL4788045,7.23,=,IC50,0.059000000000000004
CHEMBL345348,7.23,=,IC50,59.0
CHEMBL3545157,7.22,=,IC50,0.06
CHEMBL252669,7.22,=,IC50,0.06
CHEMBL4451197,7.21,=,IC50,62.1
CHEMBL4798419,7.21,=,IC50,62.2
CHEMBL4800403,7.21,=,IC50,62.0
CHEMBL3673984,7.21,=,IC50,61.0
CHEMBL4741669,7.21,=,IC50,0.062
CHEMBL1682839,7.21,=,IC50,62.0
CHEMBL3398197,7.20,=,IC50,63.5
CHEMBL1682852,7.20,=,IC50,62.8
CHEMBL4282154,7.20,=,IC50,63.0
CHEMBL4755345,7.20,=,IC50,63.8
CHEMBL4556527,7.20,=,IC50,63.1
CHEMBL4777788,7.20,=,IC50,62.6
CHEMBL3736223,7.19,=,IC50,64.0
CHEMBL4760288,7.19,=,IC50,64.3
CHEMBL4583030,7.19,=,IC50,64.2
CHEMBL594933,7.19,=,IC50,0.064
CHEMBL456218,7.19,=,IC50,65.0
CHEMBL1834123,7.19,=,IC50,65.0
CHEMBL110000,7.19,=,IC50,0.065
CHEMBL4278287,7.19,=,IC50,65.0
CHEMBL2064516,7.19,=,IC50,0.065
CHEMBL4457096,7.19,=,IC50,64.0
CHEMBL557354,7.19,=,IC50,0.065
CHEMBL2386110,7.18,=,IC50,65.9
CHEMBL572973,7.18,=,IC50,66.0
CHEMBL4278686,7.18,=,IC50,66.0
CHEMBL1940978,7.17,=,IC50,67.0
CHEMBL3735796,7.17,=,IC50,67.0
CHEMBL3401114,7.17,=,IC50,67.0
CHEMBL4286601,7.17,=,IC50,68.0
CHEMBL472249,7.17,=,IC50,68.0
CHEMBL345801,7.16,=,IC50,70.0
CHEMBL250509,7.16,=,IC50,70.0
CHEMBL2042135,7.16,=,IC50,0.07
CHEMBL3398201,7.16,=,IC50,69.7
CHEMBL576165,7.16,=,IC50,69.0
CHEMBL4576003,7.16,=,IC50,0.069
CHEMBL4791065,7.16,=,IC50,69.3
CHEMBL3736086,7.16,=,IC50,0.07
CHEMBL4076038,7.16,=,IC50,70.0
CHEMBL3093048,7.16,=,IC50,70.0
CHEMBL106061,7.15,=,IC50,0.071
CHEMBL1940988,7.15,=,IC50,71.0
CHEMBL4467668,7.15,=,IC50,71.0
CHEMBL4749972,7.15,=,IC50,70.4
CHEMBL347681,7.15,=,IC50,71.0
CHEMBL4787169,7.14,=,IC50,71.6
CHEMBL4571942,7.14,=,IC50,73.0
CHEMBL4796602,7.14,=,IC50,72.0
CHEMBL3828321,7.14,=,IC50,72.0
CHEMBL4761372,7.14,=,IC50,71.6
CHEMBL572793,7.14,=,IC50,72.0
CHEMBL3735246,7.14,=,IC50,72.0
CHEMBL4466208,7.14,=,IC50,0.072
CHEMBL3398200,7.13,=,IC50,73.6
CHEMBL345212,7.13,=,IC50,74.0
CHEMBL4763674,7.13,=,IC50,73.2
CHEMBL573486,7.13,=,IC50,74.0
CHEMBL3398195,7.13,=,IC50,74.1
CHEMBL3410100,7.13,=,IC50,74.0
CHEMBL3828131,7.12,=,IC50,76.0
CHEMBL4100141,7.12,=,IC50,76.0
CHEMBL257577,7.12,=,IC50,75.0
CHEMBL2391119,7.12,=,IC50,0.075
CHEMBL1086638,7.12,=,IC50,0.076
CHEMBL259270,7.12,=,IC50,75.0
CHEMBL156987,7.12,=,IC50,76.0
CHEMBL1834325,7.12,=,IC50,75.0
CHEMBL328194,7.12,=,IC50,0.075
CHEMBL3091530,7.11,=,IC50,77.0
CHEMBL582853,7.11,=,IC50,77.0
CHEMBL4522289,7.11,=,IC50,77.1
CHEMBL4787924,7.10,=,IC50,79.1
CHEMBL440411,7.10,=,IC50,80.0
CHEMBL4461695,7.10,=,IC50,0.079
CHEMBL513354,7.10,=,IC50,0.079
CHEMBL4797405,7.10,=,IC50,79.5
CHEMBL1230607,7.10,=,IC50,0.079
CHEMBL99037,7.10,=,IC50,0.08
CHEMBL1098938,7.10,=,IC50,80.0
CHEMBL361567,7.10,=,IC50,0.08
CHEMBL4089331,7.10,=,IC50,80.0
CHEMBL233553,7.10,=,IC50,0.08
CHEMBL159149,7.10,=,IC50,79.0
CHEMBL3828240,7.10,=,IC50,80.0
CHEMBL3647957,7.10,=,IC50,80.0
CHEMBL564006,7.10,=,IC50,0.08
CHEMBL567958,7.09,=,IC50,80.5
CHEMBL345800,7.09,=,IC50,82.0
CHEMBL576540,7.09,=,IC50,81.0
CHEMBL4557420,7.09,=,IC50,0.082
CHEMBL4754192,7.09,=,IC50,80.7
CHEMBL4635819,7.09,=,IC50,0.082
CHEMBL4285581,7.08,=,IC50,83.0
CHEMBL4749204,7.08,=,IC50,83.1
CHEMBL2391099,7.08,=,IC50,0.083
CHEMBL2386104,7.08,=,IC50,82.3
CHEMBL4550702,7.08,=,IC50,84.0
CHEMBL2391132,7.08,=,IC50,0.084
CHEMBL1682848,7.08,=,IC50,84.1
CHEMBL4777926,7.08,=,IC50,83.9
CHEMBL346721,7.08,=,IC50,83.0
CHEMBL2064518,7.07,=,IC50,0.086
CHEMBL349810,7.07,=,IC50,85.0
CHEMBL3926696,7.07,=,IC50,84.8
CHEMBL2391120,7.07,=,IC50,0.086
CHEMBL4447545,7.07,=,IC50,0.086
CHEMBL261881,7.06,=,IC50,87.0
CHEMBL4286578,7.06,=,IC50,87.0
CHEMBL4747194,7.06,=,IC50,0.087
CHEMBL1830064,7.05,=,IC50,0.09
CHEMBL489043,7.05,=,IC50,88.7
CHEMBL3410103,7.05,=,IC50,90.0
CHEMBL4641587,7.05,=,IC50,0.09
CHEMBL293542,7.05,=,IC50,90.0
CHEMBL3093043,7.05,=,IC50,90.0
CHEMBL2391129,7.05,=,IC50,0.09
CHEMBL4062453,7.04,=,IC50,91.0
CHEMBL469736,7.04,=,IC50,91.0
CHEMBL3827219,7.04,=,IC50,92.0
CHEMBL4451444,7.04,=,IC50,0.091
CHEMBL570580,7.04,=,IC50,0.092
CHEMBL347134,7.04,=,IC50,91.0
CHEMBL402969,7.04,=,IC50,92.0
CHEMBL157258,7.03,=,IC50,93.0
CHEMBL574601,7.03,=,IC50,94.0
CHEMBL160333,7.03,=,IC50,94.0
CHEMBL1086639,7.03,=,IC50,0.094
CHEMBL4758531,7.03,=,IC50,92.8
CHEMBL4753478,7.03,=,IC50,0.094
CHEMBL470566,7.03,=,IC50,94.0
CHEMBL4641105,7.03,=,IC50,0.094
CHEMBL2203555,7.01,=,IC50,0.098
CHEMBL1077243,7.01,=,IC50,98.0
CHEMBL4293418,7.01,=,IC50,98.0
CHEMBL3949162,7.01,=,IC50,97.0
CHEMBL4751968,7.01,=,IC50,98.0
CHEMBL1824331,7.01,=,IC50,98.0
CHEMBL261366,7.00,=,IC50,99.0
CHEMBL572779,7.00,=,IC50,100.0
CHEMBL113272,7.00,=,IC50,0.1
CHEMBL261690,7.00,=,IC50,99.0
CHEMBL4085289,7.00,=,IC50,0.1
CHEMBL1164526,7.00,=,IC50,0.1
CHEMBL319373,7.00,=,IC50,0.1
CHEMBL325353,7.00,=,IC50,0.1
CHEMBL1834119,7.00,=,IC50,100.0
CHEMBL402367,7.00,=,IC50,0.1
CHEMBL4460515,7.00,=,IC50,0.099
CHEMBL197077,7.00,=,IC50,0.1
CHEMBL4278164,7.00,=,IC50,99.0
CHEMBL4781117,6.99,=,IC50,103.6
CHEMBL4569903,6.99,=,IC50,103.0
CHEMBL404175,6.98,=,IC50,105.0
CHEMBL346066,6.98,=,IC50,104.0
CHEMBL3828609,6.98,=,IC50,105.0
CHEMBL3398192,6.98,=,IC50,105.4
CHEMBL259850,6.98,=,IC50,104.0
CHEMBL4782211,6.98,=,IC50,104.9
CHEMBL3827727,6.97,=,IC50,107.0
CHEMBL2377825,6.97,=,IC50,107.0
CHEMBL1834121,6.96,=,IC50,110.0
CHEMBL361948,6.96,=,IC50,111.0
CHEMBL4075801,6.96,=,IC50,110.0
CHEMBL4074938,6.96,=,IC50,0.111
CHEMBL573007,6.96,=,IC50,110.0
CHEMBL1276317,6.96,=,IC50,0.11
CHEMBL349540,6.96,=,IC50,110.0
CHEMBL319265,6.96,=,IC50,0.11
CHEMBL4455512,6.96,=,IC50,110.0
CHEMBL1824333,6.96,=,IC50,0.11
CHEMBL1957951,6.96,=,IC50,0.11
CHEMBL160876,6.96,=,IC50,109.0
CHEMBL3736215,6.95,=,IC50,112.0
CHEMBL1630446,6.95,=,IC50,113.0
CHEMBL1682853,6.94,=,IC50,115.0
CHEMBL156277,6.94,=,IC50,114.0
CHEMBL4761239,6.94,=,IC50,114.4
CHEMBL2386098,6.94,=,IC50,116.0
CHEMBL2386275,6.94,=,IC50,114.0
CHEMBL4790926,6.93,=,IC50,0.11699999999999999
CHEMBL4457174,6.93,=,IC50,0.117
CHEMBL4755365,6.93,=,IC50,0.11699999999999999
CHEMBL3398204,6.92,=,IC50,120.6
CHEMBL2297166,6.92,=,IC50,0.12
CHEMBL4644518,6.92,=,IC50,0.12
CHEMBL323657,6.92,=,IC50,0.12
CHEMBL3827511,6.91,=,IC50,122.0
CHEMBL155680,6.91,=,IC50,123.0
CHEMBL4647289,6.91,=,IC50,0.122
CHEMBL3828624,6.91,=,IC50,124.0
CHEMBL4566059,6.90,=,IC50,126.0
CHEMBL4472042,6.90,=,IC50,127.0
CHEMBL2386111,6.90,=,IC50,127.0
CHEMBL2391126,6.90,=,IC50,0.127
CHEMBL406620,6.90,=,IC50,125.0
CHEMBL403385,6.90,=,IC50,125.0
CHEMBL3093051,6.89,=,IC50,130.0
CHEMBL3735579,6.89,=,IC50,0.13
CHEMBL398622,6.89,=,IC50,0.13
CHEMBL2064539,6.89,=,IC50,0.129
CHEMBL4633141,6.89,=,IC50,0.13
CHEMBL183077,6.89,=,IC50,0.13
CHEMBL4546384,6.89,=,IC50,0.13
CHEMBL317964,6.89,=,IC50,0.13
CHEMBL3919644,6.89,=,IC50,129.0
CHEMBL4519014,6.89,=,IC50,128.0
CHEMBL2064517,6.89,=,IC50,0.13
CHEMBL4634672,6.89,=,IC50,0.13
CHEMBL573267,6.89,=,IC50,130.0
CHEMBL2062563,6.89,=,IC50,0.13
CHEMBL158719,6.88,=,IC50,131.0
CHEMBL4750284,6.88,=,IC50,132.4
CHEMBL4473730,6.88,=,IC50,133.0
CHEMBL4561291,6.88,=,IC50,132.0
CHEMBL3827901,6.88,=,IC50,131.0
CHEMBL1682847,6.88,=,IC50,133.0
CHEMBL4749678,6.88,=,IC50,130.4
CHEMBL3828098,6.87,=,IC50,135.0
CHEMBL350702,6.87,=,IC50,136.0
CHEMBL3828006,6.87,=,IC50,134.0
CHEMBL4574237,6.87,=,IC50,136.0
CHEMBL3699443,6.87,=,IC50,134.0
CHEMBL345364,6.87,=,IC50,134.0
CHEMBL131035,6.87,=,IC50,0.136
CHEMBL1288549,6.86,=,IC50,138.0
CHEMBL494089,6.86,=,IC50,138.0
CHEMBL157089,6.86,=,IC50,139.0
CHEMBL334555,6.86,=,IC50,0.138
CHEMBL261720,6.85,=,IC50,140.0
CHEMBL326688,6.85,=,IC50,0.14
CHEMBL575021,6.85,=,IC50,140.0
CHEMBL561066,6.85,=,IC50,0.14
CHEMBL101804,6.85,=,IC50,141.0
CHEMBL346371,6.85,=,IC50,141.0
CHEMBL3410112,6.85,=,IC50,140.0
CHEMBL1940984,6.85,=,IC50,140.0
CHEMBL157348,6.85,=,IC50,142.0
CHEMBL1957945,6.85,=,IC50,0.14
CHEMBL3632824,6.85,=,IC50,140.0
CHEMBL402560,6.85,=,IC50,0.14
CHEMBL524266,6.84,=,IC50,0.146
CHEMBL3894571,6.84,=,IC50,143.0
CHEMBL160251,6.84,=,IC50,143.0
CHEMBL3827702,6.84,=,IC50,145.0
CHEMBL2386274,6.83,=,IC50,148.0
CHEMBL1092802,6.83,=,IC50,149.0
CHEMBL347857,6.83,=,IC50,149.0
CHEMBL3827726,6.83,=,IC50,148.0
CHEMBL4515584,6.83,=,IC50,148.0
CHEMBL4648941,6.82,=,IC50,0.15
CHEMBL4552628,6.82,=,IC50,150.0
CHEMBL157141,6.82,=,IC50,152.0
CHEMBL368416,6.82,=,IC50,0.15
CHEMBL253272,6.82,=,IC50,0.15
CHEMBL4637462,6.82,=,IC50,0.153
CHEMBL1940982,6.82,=,IC50,150.0
CHEMBL257188,6.82,=,IC50,0.15
CHEMBL4649363,6.82,=,IC50,0.15
CHEMBL3827844,6.82,=,IC50,151.0
CHEMBL3093052,6.82,=,IC50,150.0
CHEMBL346996,6.82,=,IC50,152.0
CHEMBL2390958,6.82,=,IC50,0.153
CHEMBL1773425,6.82,=,IC50,152.0
CHEMBL158208,6.81,=,IC50,156.0
CHEMBL3398191,6.81,=,IC50,154.1
CHEMBL4476843,6.81,=,IC50,156.0
CHEMBL4474153,6.81,=,IC50,0.1554
CHEMBL596290,6.80,=,IC50,0.16
CHEMBL1834316,6.80,=,IC50,160.0
CHEMBL3827895,6.80,=,IC50,157.0
CHEMBL573933,6.80,=,IC50,160.0
CHEMBL3398196,6.80,=,IC50,159.3
CHEMBL3828407,6.80,=,IC50,157.0
CHEMBL557273,6.80,=,IC50,0.16
CHEMBL388978,6.80,=,IC50,0.16
CHEMBL4781618,6.80,=,IC50,0.16
CHEMBL1834328,6.80,=,IC50,160.0
CHEMBL2391128,6.79,=,IC50,0.164
CHEMBL2391133,6.79,=,IC50,0.164
CHEMBL156153,6.79,=,IC50,161.0
CHEMBL156563,6.79,=,IC50,161.0
CHEMBL4472601,6.78,=,IC50,167.0
CHEMBL4759230,6.78,=,IC50,165.3
CHEMBL2064519,6.78,=,IC50,0.166
CHEMBL360534,6.77,=,IC50,0.17
CHEMBL4446355,6.77,=,IC50,170.0
CHEMBL254350,6.77,=,IC50,169.0
CHEMBL1210406,6.77,=,IC50,0.169
CHEMBL4647915,6.77,=,IC50,0.17
CHEMBL406062,6.77,=,IC50,169.0
CHEMBL2064522,6.76,=,IC50,0.172
CHEMBL3828350,6.76,=,IC50,173.0
CHEMBL156684,6.76,=,IC50,173.0
CHEMBL355496,6.76,=,IC50,0.174
CHEMBL4285481,6.75,=,IC50,180.0
CHEMBL253740,6.75,=,IC50,0.18
CHEMBL490860,6.75,=,IC50,180.0
CHEMBL2064531,6.75,=,IC50,0.176
CHEMBL3933780,6.75,=,IC50,180.0
CHEMBL2391131,6.75,=,IC50,0.176
CHEMBL573192,6.75,=,IC50,180.0
CHEMBL1940983,6.75,=,IC50,180.0
CHEMBL1940251,6.75,=,IC50,180.0
CHEMBL251601,6.75,=,IC50,0.18
CHEMBL4458096,6.74,=,IC50,183.0
CHEMBL489407,6.74,=,IC50,184.0
CHEMBL3828150,6.74,=,IC50,184.0
CHEMBL2064535,6.73,=,IC50,0.185
CHEMBL3398193,6.73,=,IC50,188.0
CHEMBL347632,6.73,=,IC50,186.0
CHEMBL160585,6.73,=,IC50,187.0
CHEMBL7463,6.72,=,IC50,0.19
CHEMBL4632671,6.72,=,IC50,0.19
CHEMBL203407,6.72,=,IC50,0.19
CHEMBL4783062,6.72,=,IC50,0.19
CHEMBL575882,6.72,=,IC50,190.0
CHEMBL1834120,6.72,=,IC50,190.0
CHEMBL3828114,6.72,=,IC50,190.0
CHEMBL1099296,6.72,=,IC50,190.0
CHEMBL1086640,6.71,=,IC50,0.195
CHEMBL3983434,6.71,=,IC50,195.0
CHEMBL156506,6.71,=,IC50,195.0
CHEMBL4749550,6.71,=,IC50,0.193
CHEMBL2391117,6.71,=,IC50,0.195
CHEMBL346493,6.71,=,IC50,195.0
CHEMBL4535643,6.70,=,IC50,199.0
CHEMBL4637474,6.70,=,IC50,0.2
CHEMBL3652546,6.70,=,IC50,200.0
CHEMBL1086780,6.70,=,IC50,0.198
CHEMBL3093047,6.70,=,IC50,200.0
CHEMBL175956,6.70,=,IC50,0.2
CHEMBL569998,6.70,=,IC50,0.2
CHEMBL3398205,6.70,=,IC50,199.7
CHEMBL318471,6.70,=,IC50,0.2
CHEMBL573480,6.70,=,IC50,200.0
CHEMBL578427,6.70,=,IC50,200.0
CHEMBL3736164,6.70,=,IC50,200.0
CHEMBL513040,6.70,=,IC50,200.0
CHEMBL2386101,6.70,=,IC50,202.0
CHEMBL495545,6.70,=,IC50,0.2
CHEMBL4632696,6.70,=,IC50,0.199
CHEMBL216543,6.70,=,IC50,200.0
CHEMBL404174,6.70,=,IC50,198.0
CHEMBL3661030,6.70,=,IC50,200.0
CHEMBL158526,6.69,=,IC50,203.0
CHEMBL3828491,6.69,=,IC50,205.0
CHEMBL3398194,6.69,=,IC50,204.1
CHEMBL3699445,6.68,=,IC50,208.0
CHEMBL573487,6.68,=,IC50,210.0
CHEMBL3914252,6.68,=,IC50,210.0
CHEMBL3735500,6.68,=,IC50,0.21
CHEMBL596583,6.68,=,IC50,0.21
CHEMBL4636075,6.68,=,IC50,0.21
CHEMBL3736600,6.68,=,IC50,210.0
CHEMBL1630467,6.68,=,IC50,209.0
CHEMBL3735730,6.68,=,IC50,210.0
CHEMBL456219,6.68,=,IC50,210.0
CHEMBL156218,6.67,=,IC50,214.0
CHEMBL1630442,6.67,=,IC50,214.0
CHEMBL156263,6.67,=,IC50,216.0
CHEMBL318522,6.67,=,IC50,215.0
CHEMBL347647,6.67,=,IC50,216.0
CHEMBL4434855,6.67,=,IC50,215.0
CHEMBL2180881,6.67,=,IC50,215.0
CHEMBL4793858,6.67,=,IC50,0.21600000000000003
CHEMBL225519,6.66,=,IC50,220.0
CHEMBL4557360,6.66,=,IC50,220.0
CHEMBL4568120,6.66,=,IC50,218.0
CHEMBL4569508,6.66,=,IC50,220.0
CHEMBL470565,6.66,=,IC50,220.0
CHEMBL4578996,6.66,=,IC50,219.0
CHEMBL1080933,6.66,=,IC50,220.0
CHEMBL340259,6.66,=,IC50,0.22
CHEMBL4077867,6.66,=,IC50,220.0
CHEMBL185922,6.66,=,IC50,0.219
CHEMBL593374,6.66,=,IC50,0.22
CHEMBL2386747,6.66,=,IC50,221.0
CHEMBL2391130,6.65,=,IC50,0.225
CHEMBL520147,6.65,=,IC50,223.0
CHEMBL2064628,6.64,=,IC50,227.0
CHEMBL4546015,6.64,=,IC50,229.0
CHEMBL3735291,6.64,=,IC50,0.23
CHEMBL257370,6.64,=,IC50,230.0
CHEMBL3734956,6.64,=,IC50,0.23
CHEMBL158559,6.63,=,IC50,236.0
CHEMBL3673983,6.63,=,IC50,232.0
CHEMBL1682840,6.63,=,IC50,233.0
CHEMBL2391123,6.63,=,IC50,0.234
CHEMBL2064537,6.63,=,IC50,0.233
CHEMBL4589431,6.63,=,IC50,236.0
CHEMBL491064,6.63,=,IC50,235.0
CHEMBL4450851,6.63,=,IC50,0.2329
CHEMBL261883,6.63,=,IC50,234.0
CHEMBL260329,6.62,=,IC50,241.0
CHEMBL4746403,6.62,=,IC50,239.3
CHEMBL3410099,6.62,=,IC50,240.0
CHEMBL334084,6.62,=,IC50,0.24
CHEMBL3110144,6.62,=,IC50,0.24
CHEMBL323944,6.62,=,IC50,0.24
CHEMBL4788108,6.62,=,IC50,242.7
CHEMBL182007,6.62,=,IC50,0.24
CHEMBL4550261,6.62,=,IC50,240.0
CHEMBL1630466,6.61,=,IC50,247.0
CHEMBL523435,6.61,=,IC50,247.0
CHEMBL3961252,6.61,=,IC50,248.0
CHEMBL248219,6.61,=,IC50,0.247
CHEMBL4462530,6.61,=,IC50,0.247
CHEMBL160598,6.61,=,IC50,243.0
CHEMBL1940904,6.60,=,IC50,250.0
CHEMBL155931,6.60,=,IC50,251.0
CHEMBL2062581,6.60,=,IC50,0.25
CHEMBL3735962,6.60,=,IC50,0.25
CHEMBL260135,6.60,=,IC50,250.0
CHEMBL1940908,6.60,=,IC50,250.0
CHEMBL233149,6.60,=,IC50,0.25
CHEMBL346829,6.59,=,IC50,257.0
CHEMBL160231,6.59,=,IC50,259.0
CHEMBL558512,6.58,=,IC50,0.26
CHEMBL4228654,6.58,=,IC50,0.26
CHEMBL4452731,6.58,=,IC50,0.26
CHEMBL522760,6.58,=,IC50,260.0
CHEMBL4759253,6.58,=,IC50,0.261
CHEMBL1086781,6.58,=,IC50,0.26
CHEMBL3735613,6.58,=,IC50,260.0
CHEMBL1630445,6.58,=,IC50,263.0
CHEMBL4456961,6.58,=,IC50,0.265
CHEMBL596072,6.58,=,IC50,0.26
CHEMBL4293305,6.57,=,IC50,270.0
CHEMBL4639781,6.57,=,IC50,0.27
CHEMBL571486,6.57,=,IC50,0.27
CHEMBL366668,6.57,=,IC50,0.27
CHEMBL3091673,6.57,=,IC50,272.0
CHEMBL572560,6.57,=,IC50,270.0
CHEMBL3735154,6.57,=,IC50,0.27
CHEMBL1092134,6.57,=,IC50,270.0
CHEMBL1834320,6.57,=,IC50,270.0
CHEMBL4176856,6.55,=,IC50,0.28
CHEMBL255948,6.55,=,IC50,279.0
CHEMBL470567,6.55,=,IC50,280.0
CHEMBL326705,6.55,=,IC50,0.28
CHEMBL594523,6.55,=,IC50,0.28
CHEMBL197226,6.55,=,IC50,0.28
CHEMBL4796925,6.55,=,IC50,282.9
CHEMBL594755,6.55,=,IC50,0.28
CHEMBL256517,6.55,=,IC50,281.0
CHEMBL578861,6.55,=,IC50,280.0
CHEMBL348505,6.54,=,IC50,291.0
CHEMBL288448,6.54,=,IC50,291.0
CHEMBL4100748,6.54,=,IC50,0.29
CHEMBL1834115,6.54,=,IC50,290.0
CHEMBL4777312,6.53,=,IC50,294.7
CHEMBL369316,6.53,=,IC50,297.0
CHEMBL3827240,6.53,=,IC50,293.0
CHEMBL593813,6.52,=,IC50,0.3
CHEMBL351356,6.52,=,IC50,301.0
CHEMBL1098316,6.52,=,IC50,303.0
CHEMBL3652548,6.52,=,IC50,300.0
CHEMBL3661032,6.52,=,IC50,300.0
CHEMBL461139,6.52,=,IC50,0.3
CHEMBL383104,6.52,=,IC50,0.3
CHEMBL3734895,6.52,=,IC50,300.0
CHEMBL2022415,6.52,=,IC50,0.3
CHEMBL2022413,6.52,=,IC50,0.3
CHEMBL2024373,6.52,=,IC50,0.3
CHEMBL569046,6.51,=,IC50,0.31
CHEMBL3734985,6.51,=,IC50,0.31
CHEMBL1098939,6.51,=,IC50,310.0
CHEMBL250145,6.51,=,IC50,0.31
CHEMBL550925,6.51,=,IC50,0.31
CHEMBL4646272,6.51,=,IC50,0.31
CHEMBL4572532,6.51,=,IC50,308.0
CHEMBL3647953,6.51,=,IC50,310.0
CHEMBL3736599,6.50,=,IC50,320.0
CHEMBL362030,6.50,=,IC50,0.316
CHEMBL4474810,6.50,=,IC50,315.0
CHEMBL1630486,6.50,=,IC50,314.0
CHEMBL2064515,6.50,=,IC50,0.316
CHEMBL4633926,6.50,=,IC50,0.32
CHEMBL156808,6.50,=,IC50,317.0
CHEMBL4561377,6.50,=,IC50,320.0
CHEMBL182891,6.50,=,IC50,0.32
CHEMBL260929,6.50,=,IC50,320.0
CHEMBL3735621,6.50,=,IC50,0.32
CHEMBL251886,6.50,=,IC50,0.32
CHEMBL491859,6.50,=,IC50,314.0
CHEMBL1630451,6.49,=,IC50,325.0
CHEMBL3398198,6.49,=,IC50,327.4
CHEMBL451857,6.48,=,IC50,330.0
CHEMBL3735529,6.48,=,IC50,0.33
CHEMBL260928,6.48,=,IC50,329.0
CHEMBL2158866,6.48,=,IC50,330.0
CHEMBL1940252,6.47,=,IC50,340.0
CHEMBL470380,6.47,=,IC50,340.0
CHEMBL155967,6.47,=,IC50,337.0
CHEMBL4526685,6.47,=,IC50,338.0
CHEMBL490044,6.47,=,IC50,335.0
CHEMBL3736216,6.46,=,IC50,0.35
CHEMBL4514599,6.46,=,IC50,0.3479
CHEMBL3736462,6.46,=,IC50,0.35
CHEMBL1086734,6.46,=,IC50,350.0
CHEMBL427726,6.46,=,IC50,0.35
CHEMBL4439815,6.45,=,IC50,0.354
CHEMBL264162,6.45,=,IC50,356.0
CHEMBL1082235,6.45,=,IC50,0.354
CHEMBL4787876,6.45,=,IC50,0.35600000000000004
CHEMBL3943352,6.45,=,IC50,0.356
CHEMBL597754,6.45,=,IC50,0.358
CHEMBL4529679,6.45,=,IC50,0.352
CHEMBL4632910,6.44,=,IC50,0.36
CHEMBL3734924,6.44,=,IC50,360.0
CHEMBL3099832,6.44,=,IC50,0.36
CHEMBL3736476,6.44,=,IC50,360.0
CHEMBL3734911,6.44,=,IC50,0.36
CHEMBL1210310,6.44,=,IC50,0.365
CHEMBL4520113,6.44,=,IC50,363.0
CHEMBL160937,6.43,=,IC50,374.0
CHEMBL4458206,6.43,=,IC50,372.0
CHEMBL1099290,6.43,=,IC50,375.0
CHEMBL178945,6.43,=,IC50,0.37
CHEMBL3099835,6.42,=,IC50,0.38
CHEMBL3828571,6.42,=,IC50,379.0
CHEMBL322970,6.42,=,IC50,0.38
CHEMBL261882,6.42,=,IC50,383.0
CHEMBL1802358,6.42,=,IC50,0.38
CHEMBL288064,6.41,=,IC50,0.39
CHEMBL3298823,6.41,=,IC50,0.386
CHEMBL158835,6.41,=,IC50,392.0
CHEMBL4643895,6.41,=,IC50,0.39
CHEMBL156807,6.41,=,IC50,390.0
CHEMBL318208,6.40,=,IC50,0.4
CHEMBL1098944,6.40,=,IC50,400.0
CHEMBL3736399,6.40,=,IC50,0.4
CHEMBL3735837,6.40,=,IC50,0.4
CHEMBL308293,6.40,=,IC50,0.4
CHEMBL4435922,6.40,=,IC50,395.0
CHEMBL3828352,6.39,=,IC50,406.0
CHEMBL4452888,6.39,=,IC50,405.0
CHEMBL2386100,6.39,=,IC50,404.0
CHEMBL434484,6.39,=,IC50,404.0
CHEMBL251196,6.39,=,IC50,0.41
CHEMBL402228,6.39,=,IC50,0.41
CHEMBL131254,6.39,=,IC50,0.403
CHEMBL347419,6.39,=,IC50,407.0
CHEMBL321421,6.39,=,IC50,0.41
CHEMBL4751581,6.38,=,IC50,0.42100000000000004
CHEMBL250369,6.38,=,IC50,0.42
CHEMBL4758751,6.38,=,IC50,0.41200000000000003
CHEMBL407958,6.38,=,IC50,415.0
CHEMBL4455516,6.38,=,IC50,418.0
CHEMBL3091532,6.37,=,IC50,430.0
CHEMBL4449570,6.37,=,IC50,428.0
CHEMBL260344,6.37,=,IC50,425.0
CHEMBL261439,6.37,=,IC50,430.0
CHEMBL231950,6.37,=,IC50,0.43
CHEMBL1834327,6.36,=,IC50,440.0
CHEMBL1834113,6.36,=,IC50,440.0
CHEMBL1630464,6.36,=,IC50,439.0
CHEMBL483669,6.36,=,IC50,440.0
CHEMBL360878,6.36,=,IC50,0.437
CHEMBL3110142,6.36,=,IC50,0.44
CHEMBL261264,6.35,=,IC50,443.0
CHEMBL160938,6.35,=,IC50,447.0
CHEMBL400240,6.35,=,IC50,0.45
CHEMBL360573,6.34,=,IC50,0.46
CHEMBL3099833,6.34,=,IC50,0.46
CHEMBL346107,6.34,=,IC50,460.0
CHEMBL3401123,6.34,=,IC50,453.0
CHEMBL77264,6.34,=,IC50,0.46
CHEMBL458636,6.33,=,IC50,467.0
CHEMBL4559431,6.33,=,IC50,462.0
CHEMBL160373,6.33,=,IC50,472.0
CHEMBL593375,6.33,=,IC50,0.47
CHEMBL4592870,6.33,=,IC50,471.0
CHEMBL4518273,6.33,=,IC50,0.467
CHEMBL404208,6.32,=,IC50,0.48
CHEMBL404488,6.32,=,IC50,475.0
CHEMBL561929,6.32,=,IC50,0.48
CHEMBL160829,6.32,=,IC50,481.0
CHEMBL404242,6.32,=,IC50,477.0
CHEMBL407113,6.32,=,IC50,481.0
CHEMBL450340,6.32,=,IC50,0.48
CHEMBL3398190,6.32,=,IC50,477.2
CHEMBL1938959,6.31,=,IC50,0.49
CHEMBL3735347,6.31,=,IC50,0.49
CHEMBL256306,6.31,=,IC50,0.49
CHEMBL578803,6.31,=,IC50,0.486
CHEMBL44545,6.30,=,IC50,0.5
CHEMBL1801628,6.30,=,IC50,0.5
CHEMBL77540,6.30,=,IC50,0.5
CHEMBL2024372,6.30,=,IC50,0.5
CHEMBL357136,6.30,=,IC50,0.5
CHEMBL309347,6.30,=,IC50,0.5
CHEMBL406863,6.30,=,IC50,0.5
CHEMBL593490,6.30,=,IC50,0.5
CHEMBL3093042,6.30,=,IC50,500.0
CHEMBL3125890,6.30,=,IC50,500.0
CHEMBL413188,6.30,=,IC50,500.0
CHEMBL251375,6.30,=,IC50,0.5
CHEMBL405021,6.30,=,IC50,498.0
CHEMBL142826,6.30,=,IC50,0.5
CHEMBL160968,6.29,=,IC50,514.0
CHEMBL233554,6.29,=,IC50,0.51
CHEMBL4438334,6.29,=,IC50,515.0
CHEMBL3735863,6.29,=,IC50,0.51
CHEMBL4513323,6.29,=,IC50,510.0
CHEMBL4545000,6.28,=,IC50,521.0
CHEMBL77641,6.28,=,IC50,0.52
CHEMBL408634,6.28,=,IC50,530.0
CHEMBL454662,6.28,=,IC50,0.53
CHEMBL351342,6.28,=,IC50,529.0
CHEMBL3735772,6.28,=,IC50,0.53
CHEMBL461140,6.28,=,IC50,0.53
CHEMBL4441042,6.28,=,IC50,527.0
CHEMBL346551,6.28,=,IC50,0.52
CHEMBL3735095,6.28,=,IC50,530.0
CHEMBL458210,6.27,=,IC50,539.0
CHEMBL256987,6.27,=,IC50,0.54
CHEMBL182560,6.27,=,IC50,0.537
CHEMBL4547931,6.27,=,IC50,542.0
CHEMBL4781112,6.27,=,IC50,0.54
CHEMBL1630448,6.27,=,IC50,537.0
CHEMBL3735445,6.27,=,IC50,541.0
CHEMBL1630482,6.27,=,IC50,534.0
CHEMBL1164177,6.27,=,IC50,0.54
CHEMBL160743,6.27,=,IC50,532.0
CHEMBL4593348,6.26,=,IC50,0.55
CHEMBL183171,6.26,=,IC50,0.55
CHEMBL560187,6.26,=,IC50,0.55
CHEMBL1940909,6.26,=,IC50,550.0
CHEMBL449063,6.26,=,IC50,548.0
CHEMBL1834322,6.25,=,IC50,560.0
CHEMBL3736196,6.25,=,IC50,0.56
CHEMBL3827724,6.25,=,IC50,561.0
CHEMBL4791654,6.25,=,IC50,0.56
CHEMBL4591390,6.25,=,IC50,560.0
CHEMBL4741384,6.25,=,IC50,0.56
CHEMBL3736122,6.25,=,IC50,560.0
CHEMBL4537545,6.25,=,IC50,565.0
CHEMBL595944,6.25,=,IC50,0.56
CHEMBL249530,6.24,=,IC50,0.57
CHEMBL1801635,6.24,=,IC50,0.58
CHEMBL399139,6.24,=,IC50,580.0
CHEMBL3828397,6.24,=,IC50,582.0
CHEMBL3736396,6.24,=,IC50,580.0
CHEMBL183504,6.24,=,IC50,0.575
CHEMBL4536515,6.24,=,IC50,571.0
CHEMBL4568095,6.24,=,IC50,570.0
CHEMBL4592453,6.24,=,IC50,576.0
CHEMBL3736418,6.24,=,IC50,0.58
CHEMBL4566633,6.23,=,IC50,584.0
CHEMBL4640300,6.23,=,IC50,0.59
CHEMBL76941,6.22,=,IC50,0.6
CHEMBL1834110,6.22,=,IC50,600.0
CHEMBL250148,6.22,=,IC50,0.6
CHEMBL2024362,6.22,=,IC50,0.6
CHEMBL2022416,6.22,=,IC50,0.6
CHEMBL2022418,6.22,=,IC50,0.6
CHEMBL259998,6.22,=,IC50,0.6
CHEMBL3747661,6.22,=,IC50,0.6
CHEMBL430574,6.21,=,IC50,0.62
CHEMBL182283,6.21,=,IC50,0.617
CHEMBL132223,6.21,=,IC50,0.62
CHEMBL3410102,6.21,=,IC50,610.0
CHEMBL4442834,6.20,=,IC50,629.0
CHEMBL256518,6.20,=,IC50,628.0
CHEMBL1272270,6.20,=,IC50,638.0
CHEMBL4580131,6.20,=,IC50,633.0
CHEMBL253532,6.20,=,IC50,0.63
CHEMBL471015,6.20,=,IC50,630.0
CHEMBL4071667,6.20,=,IC50,630.0
CHEMBL4648047,6.20,=,IC50,0.63
CHEMBL1630462,6.20,=,IC50,632.0
CHEMBL4788432,6.19,=,IC50,639.2
CHEMBL3735984,6.19,=,IC50,0.64
CHEMBL75680,6.19,=,IC50,0.65
CHEMBL3735755,6.19,=,IC50,0.64
CHEMBL4632385,6.19,=,IC50,0.64
CHEMBL1630489,6.18,=,IC50,662.0
CHEMBL3925481,6.18,=,IC50,657.0
CHEMBL4064316,6.18,=,IC50,0.66
CHEMBL4437018,6.18,=,IC50,663.0
CHEMBL559472,6.18,=,IC50,0.66
CHEMBL1834111,6.18,=,IC50,660.0
CHEMBL1086782,6.18,=,IC50,0.661
CHEMBL3099839,6.17,=,IC50,0.68
CHEMBL603197,6.17,=,IC50,0.67
CHEMBL4436862,6.17,=,IC50,678.0
CHEMBL1630475,6.17,=,IC50,671.0
CHEMBL4277917,6.17,=,IC50,0.67
CHEMBL3736404,6.17,=,IC50,0.67
CHEMBL513576,6.17,=,IC50,680.0
CHEMBL574600,6.17,=,IC50,680.0
CHEMBL595459,6.17,=,IC50,0.68
CHEMBL1669586,6.17,=,IC50,0.67
CHEMBL3110140,6.16,=,IC50,0.69
CHEMBL254582,6.16,=,IC50,0.69
CHEMBL521871,6.16,=,IC50,0.69
CHEMBL3408213,6.16,=,IC50,0.69
CHEMBL347580,6.16,=,IC50,694.0
CHEMBL122899,6.16,=,IC50,0.7
CHEMBL3735293,6.16,=,IC50,0.69
CHEMBL4647220,6.16,=,IC50,0.69
CHEMBL2062564,6.16,=,IC50,0.7
CHEMBL261127,6.16,=,IC50,691.0
CHEMBL350435,6.15,=,IC50,704.0
CHEMBL483465,6.15,=,IC50,710.0
CHEMBL1630490,6.15,=,IC50,710.0
CHEMBL257993,6.15,=,IC50,0.71
CHEMBL257992,6.15,=,IC50,0.71
CHEMBL4216485,6.15,=,IC50,0.71
CHEMBL3410098,6.14,=,IC50,730.0
CHEMBL1086732,6.14,=,IC50,730.0
CHEMBL1630477,6.14,=,IC50,719.0
CHEMBL254155,6.13,=,IC50,744.0
CHEMBL4452978,6.13,=,IC50,743.0
CHEMBL4446123,6.13,=,IC50,0.739
CHEMBL3901767,6.12,=,IC50,752.0
CHEMBL3736458,6.12,=,IC50,0.75
CHEMBL258721,6.12,=,IC50,754.0
CHEMBL77217,6.12,=,IC50,0.75
CHEMBL253533,6.12,=,IC50,0.76
CHEMBL2064538,6.12,=,IC50,0.758
CHEMBL564033,6.12,=,IC50,0.75
CHEMBL552265,6.12,=,IC50,0.76
CHEMBL4558089,6.12,=,IC50,767.0
CHEMBL1669585,6.11,=,IC50,0.78
CHEMBL4101984,6.11,=,IC50,780.0
CHEMBL4532931,6.11,=,IC50,0.77
CHEMBL1210405,6.11,=,IC50,0.781
CHEMBL380331,6.11,=,IC50,0.78
CHEMBL76559,6.10,=,IC50,0.8
CHEMBL250183,6.10,=,IC50,0.79
CHEMBL3091534,6.10,=,IC50,791.0
CHEMBL573266,6.10,=,IC50,790.0
CHEMBL483841,6.10,=,IC50,0.8
CHEMBL3652542,6.10,=,IC50,800.0
CHEMBL2022417,6.10,=,IC50,0.8
CHEMBL4442468,6.09,=,IC50,808.0
CHEMBL1630478,6.09,=,IC50,811.0
CHEMBL563560,6.09,=,IC50,0.81
CHEMBL3110135,6.09,=,IC50,0.81
CHEMBL40021,6.09,=,IC50,0.82
CHEMBL1630484,6.09,=,IC50,805.0
CHEMBL4100916,6.09,=,IC50,0.81
CHEMBL261660,6.08,=,IC50,828.0
CHEMBL482632,6.08,=,IC50,830.0
CHEMBL3099840,6.08,=,IC50,0.83
CHEMBL1630474,6.07,=,IC50,855.0
CHEMBL3673435,6.07,=,IC50,857.0
CHEMBL557647,6.07,=,IC50,0.85
CHEMBL4761851,6.07,=,IC50,0.86
CHEMBL403309,6.07,=,IC50,0.86
CHEMBL261052,6.07,=,IC50,851.0
CHEMBL254961,6.07,=,IC50,0.86
CHEMBL496162,6.07,=,IC50,0.85
CHEMBL1940253,6.07,=,IC50,860.0
CHEMBL4748741,6.06,=,IC50,874.3
CHEMBL3735497,6.06,=,IC50,0.87
CHEMBL250714,6.06,=,IC50,870.0
CHEMBL521774,6.06,=,IC50,870.0
CHEMBL4467604,6.06,=,IC50,862.0
CHEMBL565612,6.06,=,IC50,870.0
CHEMBL4636722,6.05,=,IC50,0.9
CHEMBL4453072,6.05,=,IC50,0.893
CHEMBL549286,6.05,=,IC50,0.9
CHEMBL4518634,6.05,=,IC50,0.899
CHEMBL558982,6.05,=,IC50,0.9
CHEMBL1834331,6.05,=,IC50,900.0
CHEMBL1801636,6.05,=,IC50,0.89
CHEMBL360304,6.05,=,IC50,0.89
CHEMBL3763944,6.05,=,IC50,0.9
CHEMBL2022419,6.05,=,IC50,0.9
CHEMBL2022421,6.05,=,IC50,0.9
CHEMBL4462480,6.05,=,IC50,891.0
CHEMBL401654,6.05,=,IC50,0.89
CHEMBL254758,6.05,=,IC50,0.9
CHEMBL306498,6.04,=,IC50,0.92
CHEMBL4647588,6.04,=,IC50,0.916
CHEMBL4090044,6.04,=,IC50,920.0
CHEMBL257834,6.04,=,IC50,920.0
CHEMBL4456469,6.04,=,IC50,917.0
CHEMBL3091535,6.04,=,IC50,903.0
CHEMBL3673434,6.04,=,IC50,903.0
CHEMBL398670,6.04,=,IC50,0.92
CHEMBL3398199,6.03,=,IC50,941.8
CHEMBL3110143,6.03,=,IC50,0.94
CHEMBL1083208,6.03,=,IC50,0.935
CHEMBL4751438,6.03,=,IC50,0.94
CHEMBL4518955,6.02,=,IC50,956.0
CHEMBL3734973,6.02,=,IC50,0.95
CHEMBL561930,6.02,=,IC50,0.95
CHEMBL401918,6.02,=,IC50,0.96
CHEMBL563685,6.02,=,IC50,0.96
CHEMBL3099837,6.02,=,IC50,0.96
CHEMBL2391124,6.01,=,IC50,0.966
CHEMBL203569,6.01,=,IC50,0.97
CHEMBL3593777,6.01,=,IC50,980.0
CHEMBL1630460,6.01,=,IC50,980.0
CHEMBL1801626,6.00,=,IC50,1.0
CHEMBL593629,6.00,=,IC50,1.0
CHEMBL261440,6.00,=,IC50,1000.0
CHEMBL1801627,6.00,=,IC50,1.0
CHEMBL142711,6.00,=,IC50,1.0
CHEMBL400745,6.00,=,IC50,1000.0
CHEMBL259389,6.00,=,IC50,1000.0
CHEMBL103009,6.00,=,IC50,1.0
CHEMBL4069163,6.00,=,IC50,1.01
CHEMBL1834319,6.00,=,IC50,1000.0
CHEMBL77469,6.00,=,IC50,1.0
CHEMBL3735681,6.00,=,IC50,1.0
CHEMBL596006,6.00,=,IC50,1.0
CHEMBL3110139,6.00,=,IC50,1.0
CHEMBL2062565,6.00,=,IC50,1.0
CHEMBL593628,6.00,=,IC50,1.0
CHEMBL596352,6.00,=,IC50,1.0
CHEMBL458857,6.00,=,IC50,1012.0
CHEMBL341572,6.00,=,IC50,1.0
CHEMBL140061,6.00,=,IC50,1.0
CHEMBL2024368,6.00,=,IC50,1.0
CHEMBL4472277,6.00,=,IC50,994.0
CHEMBL182904,6.00,=,IC50,1.0
CHEMBL307941,6.00,=,IC50,1.0
CHEMBL2024367,6.00,=,IC50,1.0
CHEMBL1098241,5.99,=,IC50,1020.0
CHEMBL4777194,5.99,=,IC50,1.02
CHEMBL3951486,5.99,=,IC50,1.03
CHEMBL403406,5.98,=,IC50,1.05
CHEMBL1096626,5.98,=,IC50,1040.0
CHEMBL4751957,5.97,=,IC50,1.08
CHEMBL255915,5.97,=,IC50,1.06
CHEMBL2022423,5.96,=,IC50,1.1
CHEMBL77066,5.96,=,IC50,1.1
CHEMBL1096634,5.96,=,IC50,1110.0
CHEMBL2022420,5.96,=,IC50,1.1
CHEMBL76740,5.96,=,IC50,1.1
CHEMBL1083209,5.96,=,IC50,1.088
CHEMBL2024374,5.96,=,IC50,1.1
CHEMBL37689,5.96,=,IC50,1.1
CHEMBL201511,5.96,=,IC50,0.0000011
CHEMBL398647,5.96,=,IC50,1.1
CHEMBL1938953,5.96,=,IC50,1.1
CHEMBL560585,5.96,=,IC50,1.09
CHEMBL2203559,5.95,=,IC50,1.12
CHEMBL3735637,5.95,=,IC50,1.13
CHEMBL401056,5.95,=,IC50,1.13
CHEMBL428252,5.95,=,IC50,1.13
CHEMBL4105629,5.94,=,IC50,1.14
CHEMBL4202731,5.94,=,IC50,1.15
CHEMBL4452736,5.94,=,IC50,1149.0
CHEMBL113168,5.94,=,IC50,1.16
CHEMBL552470,5.94,=,IC50,1.14
CHEMBL1096291,5.94,=,IC50,1140.0
CHEMBL428690,5.93,=,IC50,1.1840000000000002
CHEMBL249165,5.93,=,IC50,1.18
CHEMBL1084134,5.93,=,IC50,1.18
CHEMBL1085927,5.93,=,IC50,1.184
CHEMBL428596,5.93,=,IC50,1.17
CHEMBL4070575,5.92,=,IC50,1200.0
CHEMBL175845,5.92,=,IC50,1.2
CHEMBL4444620,5.92,=,IC50,1196.0
CHEMBL74015,5.92,=,IC50,1.2
CHEMBL4748786,5.92,=,IC50,1.19
CHEMBL4444495,5.92,=,IC50,1193.0
CHEMBL4539700,5.92,=,IC50,1204.0
CHEMBL4781092,5.92,=,IC50,1.21
CHEMBL2024371,5.92,=,IC50,1.2
CHEMBL2024370,5.92,=,IC50,1.2
CHEMBL80785,5.92,=,IC50,1.2
CHEMBL37342,5.92,=,IC50,1.2
CHEMBL1099281,5.92,=,IC50,1210.0
CHEMBL574233,5.92,=,IC50,1.2
CHEMBL3110138,5.92,=,IC50,1.21
CHEMBL3735382,5.92,=,IC50,1.2
CHEMBL1834109,5.92,=,IC50,1200.0
CHEMBL1210476,5.91,=,IC50,1.22
CHEMBL2203553,5.91,=,IC50,1.22
CHEMBL4440139,5.91,=,IC50,1.231
CHEMBL259925,5.90,=,IC50,1260.0
CHEMBL1164262,5.90,=,IC50,1.26
CHEMBL1630455,5.90,=,IC50,1270.0
CHEMBL4460479,5.90,=,IC50,1252.0
CHEMBL1081293,5.89,=,IC50,1300.0
CHEMBL3651966,5.89,=,IC50,1.3
CHEMBL590109,5.89,=,IC50,1.3
CHEMBL3901073,5.89,=,IC50,1300.0
CHEMBL50498,5.89,=,IC50,1.3
CHEMBL490639,5.89,=,IC50,1290.0
CHEMBL1086174,5.89,=,IC50,1.281
CHEMBL2024359,5.89,=,IC50,1.3
CHEMBL3093036,5.89,=,IC50,1300.0
CHEMBL359808,5.89,=,IC50,1.3
CHEMBL260358,5.89,=,IC50,1.3
CHEMBL4519757,5.89,=,IC50,1291.0
CHEMBL3099838,5.89,=,IC50,1.29
CHEMBL3093040,5.89,=,IC50,1300.0
CHEMBL4799574,5.88,=,IC50,1.32
CHEMBL254794,5.88,=,IC50,1.33
CHEMBL4642636,5.88,=,IC50,1.314
CHEMBL1086175,5.87,=,IC50,1.353
CHEMBL4645499,5.87,=,IC50,1.34
CHEMBL1270230,5.86,=,IC50,1.39
CHEMBL1630431,5.86,=,IC50,1378.0
CHEMBL37811,5.85,=,IC50,1.4
CHEMBL3735882,5.85,=,IC50,1.4
CHEMBL260000,5.85,=,IC50,1.4
CHEMBL3734853,5.85,=,IC50,1400.0
CHEMBL3911800,5.85,=,IC50,1.42
CHEMBL2024363,5.85,=,IC50,1.4
CHEMBL250386,5.85,=,IC50,1.41
CHEMBL156801,5.85,=,IC50,1398.0
CHEMBL156524,5.85,=,IC50,1412.0
CHEMBL2062577,5.85,=,IC50,1.4
CHEMBL260463,5.85,=,IC50,1.4
CHEMBL3911190,5.84,=,IC50,1.45
CHEMBL255284,5.84,=,IC50,1.43
CHEMBL4203444,5.84,=,IC50,1.44
CHEMBL4519366,5.84,=,IC50,1429.0
CHEMBL4761660,5.83,=,IC50,1.49
CHEMBL351801,5.83,=,IC50,1478.0
CHEMBL402325,5.83,=,IC50,1.48
CHEMBL151,5.82,=,IC50,1.5
CHEMBL1834317,5.82,=,IC50,1500.0
CHEMBL4283652,5.82,=,IC50,1.5
CHEMBL287508,5.82,=,IC50,1.5
CHEMBL1801622,5.82,=,IC50,1.5
CHEMBL1801623,5.82,=,IC50,1.5
CHEMBL4070626,5.82,=,IC50,1500.0
CHEMBL3909349,5.82,=,IC50,1500.0
CHEMBL141190,5.82,=,IC50,1.5
CHEMBL409450,5.82,=,IC50,1.5
CHEMBL4452170,5.82,=,IC50,1499.0
CHEMBL3735527,5.82,=,IC50,1.51
CHEMBL270046,5.81,=,IC50,1.56
CHEMBL408979,5.80,=,IC50,1593.0
CHEMBL1957943,5.80,=,IC50,1.6
CHEMBL4083249,5.80,=,IC50,1594.0
CHEMBL258259,5.80,=,IC50,1585.0
CHEMBL525194,5.80,=,IC50,1.6
CHEMBL1099298,5.80,=,IC50,1570.0
CHEMBL2024375,5.80,=,IC50,1.6
CHEMBL403238,5.79,=,IC50,1628.0
CHEMBL2312290,5.78,=,IC50,1.68
CHEMBL409503,5.77,=,IC50,1.7
CHEMBL256139,5.77,=,IC50,1.7
CHEMBL4077350,5.77,=,IC50,1700.0
CHEMBL3110134,5.77,=,IC50,1.69
CHEMBL3735220,5.77,=,IC50,1.7
CHEMBL4582385,5.77,=,IC50,1684.0
CHEMBL78165,5.77,=,IC50,1.7
CHEMBL4529655,5.76,=,IC50,1.717
CHEMBL1093746,5.76,=,IC50,1720.0
CHEMBL4459001,5.75,=,IC50,1758.0
CHEMBL1938954,5.75,=,IC50,1.8
CHEMBL399287,5.75,=,IC50,1.8
CHEMBL3093039,5.75,=,IC50,1800.0
CHEMBL3787112,5.75,=,IC50,1.8
CHEMBL564437,5.75,=,IC50,1.79
CHEMBL4449296,5.75,=,IC50,1780.0
CHEMBL77095,5.75,=,IC50,1.8
CHEMBL2022422,5.75,=,IC50,1.8
CHEMBL360340,5.74,=,IC50,1.82
CHEMBL4516941,5.74,=,IC50,1.82
CHEMBL512208,5.73,=,IC50,1863.0
CHEMBL306263,5.72,=,IC50,1.9
CHEMBL28,5.72,=,IC50,1.9
CHEMBL3093044,5.72,=,IC50,1900.0
CHEMBL3437678,5.72,=,IC50,1895.0
CHEMBL3099836,5.72,=,IC50,1.9
CHEMBL368895,5.72,=,IC50,1.9
CHEMBL507249,5.72,=,IC50,1.9
CHEMBL490355,5.71,=,IC50,1.95
CHEMBL4640465,5.71,=,IC50,1.95
CHEMBL181856,5.71,=,IC50,1.95
CHEMBL4085521,5.70,=,IC50,2.01
CHEMBL106072,5.70,=,IC50,2.0
CHEMBL143273,5.70,=,IC50,2.0
CHEMBL2024366,5.70,=,IC50,2.0
CHEMBL1630453,5.70,=,IC50,1975.0
CHEMBL44541,5.70,=,IC50,2.0
CHEMBL1801625,5.70,=,IC50,2.0
CHEMBL2024361,5.70,=,IC50,2.0
CHEMBL2391127,5.70,=,IC50,1.995
CHEMBL3765061,5.70,=,IC50,2.01
CHEMBL287864,5.70,=,IC50,2.0
CHEMBL26515,5.70,=,IC50,2.0
CHEMBL2022412,5.70,=,IC50,2.0
CHEMBL50,5.70,=,IC50,2.0
CHEMBL260577,5.70,=,IC50,2.0
CHEMBL284861,5.70,=,IC50,2.0
CHEMBL419273,5.70,=,IC50,2.0
CHEMBL296271,5.70,=,IC50,2.0
CHEMBL1086733,5.70,=,IC50,2000.0
CHEMBL1957941,5.70,=,IC50,2.0
CHEMBL402324,5.70,=,IC50,2.0
CHEMBL4781499,5.69,=,IC50,2.06
CHEMBL4779572,5.68,=,IC50,2.08
CHEMBL2022414,5.68,=,IC50,2.1
CHEMBL3093037,5.68,=,IC50,2100.0
CHEMBL2024364,5.68,=,IC50,2.1
CHEMBL1834112,5.68,=,IC50,2100.0
CHEMBL3763318,5.68,=,IC50,2.09
CHEMBL316485,5.68,=,IC50,2.1
CHEMBL4794583,5.68,=,IC50,2.07
CHEMBL3891166,5.68,=,IC50,2100.0
CHEMBL3954062,5.68,=,IC50,2100.0
CHEMBL112819,5.68,=,IC50,2.1
CHEMBL3899197,5.68,=,IC50,2100.0
CHEMBL3734776,5.68,=,IC50,2.1
CHEMBL3093046,5.66,=,IC50,2200.0
CHEMBL485745,5.66,=,IC50,2.2
CHEMBL2063002,5.66,=,IC50,2.17
CHEMBL251885,5.66,=,IC50,2.2
CHEMBL4746226,5.66,=,IC50,2.17
CHEMBL1669588,5.65,=,IC50,2.26
CHEMBL3699446,5.65,=,IC50,2254.0
CHEMBL562814,5.65,=,IC50,2.26
CHEMBL4452831,5.65,=,IC50,2.26
CHEMBL1164264,5.64,=,IC50,2.29
CHEMBL4646033,5.64,=,IC50,2.3
CHEMBL483842,5.64,=,IC50,2.3
CHEMBL305901,5.64,=,IC50,2.3
CHEMBL435045,5.64,=,IC50,2285.0
CHEMBL4794134,5.64,=,IC50,2.29
CHEMBL4207719,5.63,=,IC50,2.35
CHEMBL407374,5.63,=,IC50,2343.0
CHEMBL3915489,5.62,=,IC50,2400.0
CHEMBL554082,5.62,=,IC50,2.4
CHEMBL183742,5.62,=,IC50,2.4
CHEMBL404689,5.62,=,IC50,2.4
CHEMBL3093038,5.62,=,IC50,2400.0
CHEMBL1630436,5.62,=,IC50,2400.0
CHEMBL367106,5.62,=,IC50,2.4
CHEMBL3933598,5.62,=,IC50,2400.0
CHEMBL3091533,5.61,=,IC50,2466.0
CHEMBL1086176,5.61,=,IC50,2.459
CHEMBL4079704,5.61,=,IC50,2.48
CHEMBL4556827,5.61,=,IC50,2.47
CHEMBL4204814,5.61,=,IC50,2.46
CHEMBL1630449,5.61,=,IC50,2456.0
CHEMBL413032,5.60,=,IC50,2.5
CHEMBL367107,5.60,=,IC50,2.5
CHEMBL342402,5.60,=,IC50,2.5
CHEMBL1801629,5.60,=,IC50,2.5
CHEMBL296682,5.60,=,IC50,2.5
CHEMBL3763728,5.60,=,IC50,2.49
CHEMBL143090,5.60,=,IC50,2.5
CHEMBL76942,5.60,=,IC50,2.5
CHEMBL46440,5.60,=,IC50,2.5
CHEMBL4291453,5.60,=,IC50,2.5
CHEMBL142824,5.60,=,IC50,2.5
CHEMBL1878704,5.60,=,IC50,2495.0
CHEMBL4204627,5.59,=,IC50,2.57
CHEMBL1098943,5.58,=,IC50,2600.0
CHEMBL4792749,5.58,=,IC50,2.63
CHEMBL2409175,5.58,=,IC50,2.6
CHEMBL307943,5.58,=,IC50,2.6
CHEMBL3979434,5.58,=,IC50,2.61
CHEMBL1938964,5.58,=,IC50,2.6
CHEMBL258029,5.58,=,IC50,2.61
CHEMBL3361128,5.58,=,IC50,2.63
CHEMBL351334,5.58,=,IC50,2613.0
CHEMBL563121,5.58,=,IC50,2.66
CHEMBL4213020,5.58,=,IC50,2.6
CHEMBL2062575,5.58,=,IC50,2.6
CHEMBL261661,5.57,=,IC50,2697.0
CHEMBL1096290,5.57,=,IC50,2700.0
CHEMBL4449010,5.57,=,IC50,2.69
CHEMBL4741761,5.57,=,IC50,2.69
CHEMBL4757545,5.57,=,IC50,2.7
CHEMBL3763815,5.56,=,IC50,2.78
CHEMBL408809,5.55,=,IC50,2810.0
CHEMBL1081260,5.55,=,IC50,2800.0
CHEMBL1957942,5.55,=,IC50,2.8
CHEMBL249531,5.55,=,IC50,2.8
CHEMBL1938966,5.55,=,IC50,2.8
CHEMBL1709775,5.55,=,IC50,2.8
CHEMBL1630458,5.55,=,IC50,2810.0
CHEMBL256366,5.55,=,IC50,2800.0
CHEMBL403948,5.54,=,IC50,2.9
CHEMBL1095038,5.54,=,IC50,2.894
CHEMBL4792822,5.54,=,IC50,2.85
CHEMBL3884319,5.53,=,IC50,2988.0
CHEMBL4797249,5.53,=,IC50,2.98
CHEMBL4792670,5.53,=,IC50,2.95
CHEMBL403640,5.52,=,IC50,3.0
CHEMBL74133,5.52,=,IC50,3.0
CHEMBL554295,5.52,=,IC50,3.0
CHEMBL257823,5.52,=,IC50,2.99
CHEMBL263664,5.52,=,IC50,3.0
CHEMBL2037482,5.52,=,IC50,3.01
CHEMBL1801611,5.52,=,IC50,3.0
CHEMBL4091320,5.52,=,IC50,3.0
CHEMBL3093035,5.52,=,IC50,3000.0
CHEMBL1774404,5.52,=,IC50,3.0
CHEMBL24721,5.52,=,IC50,3.0
CHEMBL335357,5.52,=,IC50,3.0
CHEMBL26274,5.52,=,IC50,3.0
CHEMBL4073799,5.52,=,IC50,3.0
CHEMBL4095283,5.51,=,IC50,3.12
CHEMBL1170317,5.51,=,IC50,3.1
CHEMBL4584996,5.51,=,IC50,3.09
CHEMBL3892099,5.51,=,IC50,3100.0
CHEMBL1081261,5.51,=,IC50,3100.0
CHEMBL4743208,5.51,=,IC50,3.12
CHEMBL3982723,5.51,=,IC50,3100.0
CHEMBL4080101,5.50,=,IC50,3.18
CHEMBL80644,5.50,=,IC50,3.2
CHEMBL496779,5.50,=,IC50,3.2
CHEMBL2064521,5.50,=,IC50,3.162
CHEMBL404687,5.50,=,IC50,3.2
CHEMBL4555766,5.49,=,IC50,3242.0
CHEMBL4752122,5.49,=,IC50,3.24
CHEMBL3947828,5.49,=,IC50,3238.0
CHEMBL562709,5.48,=,IC50,3.34
CHEMBL2313853,5.48,=,IC50,3.3
CHEMBL77590,5.48,=,IC50,3.3
CHEMBL4747475,5.48,=,IC50,3.3
CHEMBL178785,5.47,=,IC50,3.4
CHEMBL1834116,5.47,=,IC50,3400.0
CHEMBL3966595,5.47,=,IC50,3400.0
CHEMBL256559,5.47,=,IC50,3.38
CHEMBL403856,5.46,=,IC50,3.5
CHEMBL4204286,5.46,=,IC50,3.51
CHEMBL257980,5.46,=,IC50,3.48
CHEMBL257979,5.46,=,IC50,3.5
CHEMBL4169102,5.45,=,IC50,3.55
CHEMBL287731,5.45,=,IC50,3572.0
CHEMBL4087974,5.45,=,IC50,3.54
CHEMBL249141,5.45,=,IC50,3.53
CHEMBL3961887,5.45,=,IC50,3582.0
CHEMBL4210171,5.45,=,IC50,3.57
CHEMBL604712,5.44,=,IC50,3.63
CHEMBL4555253,5.44,=,IC50,3654.0
CHEMBL4442366,5.43,=,IC50,3724.0
CHEMBL4096612,5.42,=,IC50,3.81
CHEMBL4442898,5.42,=,IC50,3760.0
CHEMBL1095039,5.42,=,IC50,3.808
CHEMBL359486,5.41,=,IC50,3.9
CHEMBL596073,5.41,=,IC50,3.86
CHEMBL4753278,5.41,=,IC50,3.93
CHEMBL2203562,5.40,=,IC50,4.0
CHEMBL2313850,5.40,=,IC50,4.0
CHEMBL270045,5.40,=,IC50,3.97
CHEMBL24494,5.40,=,IC50,4.0
CHEMBL24537,5.40,=,IC50,4.0
CHEMBL25820,5.40,=,IC50,4.0
CHEMBL4212986,5.40,=,IC50,3.96
CHEMBL99280,5.40,=,IC50,4.0
CHEMBL1095624,5.40,=,IC50,4000.0
CHEMBL181114,5.40,=,IC50,4.0
CHEMBL256367,5.40,=,IC50,4.0
CHEMBL257562,5.40,=,IC50,4.0
CHEMBL4573681,5.39,=,IC50,4.05
CHEMBL4744440,5.39,=,IC50,4.042
CHEMBL489413,5.39,=,IC50,4090.0
CHEMBL4575045,5.39,=,IC50,4.11
CHEMBL4444424,5.39,=,IC50,4.11
CHEMBL1080583,5.39,=,IC50,4100.0
CHEMBL4103031,5.39,=,IC50,4.03
CHEMBL1669587,5.39,=,IC50,4.08
CHEMBL4203924,5.39,=,IC50,4.1
CHEMBL2024365,5.39,=,IC50,4.1
CHEMBL256307,5.38,=,IC50,4.17
CHEMBL1077260,5.38,=,IC50,4.14
CHEMBL41016,5.38,=,IC50,4.2
CHEMBL4214215,5.38,=,IC50,4.16
CHEMBL4571262,5.38,=,IC50,4.21
CHEMBL95477,5.37,=,IC50,4.3
CHEMBL3651854,5.37,=,IC50,4.3
CHEMBL4077675,5.37,=,IC50,4.28
CHEMBL4517450,5.36,=,IC50,4.42
CHEMBL4454916,5.36,=,IC50,4.343
CHEMBL332575,5.36,=,IC50,4.38
CHEMBL1801632,5.35,=,IC50,4.47
CHEMBL4097781,5.35,=,IC50,4.5
CHEMBL464381,5.35,=,IC50,4.5
CHEMBL4082305,5.35,=,IC50,4.5
CHEMBL2024369,5.34,=,IC50,4.6
CHEMBL399078,5.34,=,IC50,4.6
CHEMBL4288568,5.34,=,IC50,4.6
CHEMBL3298402,5.34,=,IC50,4.608
CHEMBL4793635,5.34,=,IC50,4.56
CHEMBL4475448,5.33,=,IC50,4.64
CHEMBL1630438,5.33,=,IC50,4700.0
CHEMBL426587,5.32,=,IC50,4.8
CHEMBL4077010,5.32,=,IC50,4.78
CHEMBL252520,5.32,=,IC50,4.8
CHEMBL4103963,5.32,=,IC50,4.83
CHEMBL612054,5.32,=,IC50,4.8
CHEMBL77697,5.32,=,IC50,4.8
CHEMBL550052,5.31,=,IC50,4.89
CHEMBL4105195,5.30,=,IC50,5.01
CHEMBL143419,5.30,=,IC50,5.0
CHEMBL143743,5.30,=,IC50,5.0
CHEMBL26218,5.30,=,IC50,5.0
CHEMBL102953,5.30,=,IC50,5.0
CHEMBL1084681,5.30,=,IC50,5.008
CHEMBL356459,5.30,=,IC50,5.0
CHEMBL1800091,5.30,=,IC50,5.0
CHEMBL257821,5.30,=,IC50,5.0
CHEMBL611357,5.30,=,IC50,5.0
CHEMBL316512,5.30,=,IC50,5.0
CHEMBL24753,5.30,=,IC50,5.0
CHEMBL105348,5.30,=,IC50,5.0
CHEMBL367150,5.29,=,IC50,5.1
CHEMBL4575716,5.29,=,IC50,5.18
CHEMBL4072138,5.29,=,IC50,5.16
CHEMBL4067286,5.28,=,IC50,5.25
CHEMBL4286639,5.28,=,IC50,5.3
CHEMBL4087337,5.28,=,IC50,5.3
CHEMBL361833,5.28,=,IC50,5.3
CHEMBL268202,5.27,=,IC50,5.4
CHEMBL4216137,5.27,=,IC50,5.4
CHEMBL1084682,5.27,=,IC50,5.413
CHEMBL4160653,5.26,=,IC50,5.5
CHEMBL4094737,5.26,=,IC50,5.51
CHEMBL4575638,5.26,=,IC50,5.46
CHEMBL3890986,5.26,=,IC50,5500.0
CHEMBL1084683,5.26,=,IC50,5.498
CHEMBL444169,5.26,=,IC50,5.5
CHEMBL4206546,5.26,=,IC50,5.54
CHEMBL4752822,5.25,=,IC50,5.66
CHEMBL270262,5.25,=,IC50,5.56
CHEMBL4641631,5.25,=,IC50,5.64
CHEMBL564091,5.25,=,IC50,5.69
CHEMBL3765319,5.25,=,IC50,5.56
CHEMBL4093852,5.24,=,IC50,5.8
CHEMBL306355,5.23,=,IC50,5.9
CHEMBL1170126,5.23,=,IC50,5.9
CHEMBL417835,5.22,=,IC50,6.0
CHEMBL23840,5.22,=,IC50,6.0
CHEMBL134501,5.22,=,IC50,6.0
CHEMBL77211,5.22,=,IC50,6.0
CHEMBL24311,5.22,=,IC50,6.0
CHEMBL4069382,5.22,=,IC50,5.95
CHEMBL4214903,5.22,=,IC50,5.96
CHEMBL550950,5.22,=,IC50,6.0
CHEMBL2062585,5.22,=,IC50,6.0
CHEMBL4212059,5.22,=,IC50,6.05
CHEMBL4177365,5.22,=,IC50,6.03
CHEMBL232380,5.22,=,IC50,6.01
CHEMBL4797635,5.22,=,IC50,6.08
CHEMBL4208450,5.22,=,IC50,6.03
CHEMBL4087584,5.22,=,IC50,5.99
CHEMBL4066219,5.22,=,IC50,5.96
CHEMBL4279366,5.22,=,IC50,6.0
CHEMBL1801624,5.22,=,IC50,6.0
CHEMBL4210913,5.22,=,IC50,6.08
CHEMBL218301,5.21,=,IC50,6.1
CHEMBL4173598,5.21,=,IC50,6.13
CHEMBL4095689,5.20,=,IC50,6.28
CHEMBL1938963,5.20,=,IC50,6.3
CHEMBL77584,5.19,=,IC50,6.5
CHEMBL4216522,5.19,=,IC50,6.4
CHEMBL568905,5.19,=,IC50,6.4
CHEMBL3980746,5.19,=,IC50,6500.0
CHEMBL69710,5.18,=,IC50,6530.0
CHEMBL4085086,5.18,=,IC50,6.66
CHEMBL444160,5.17,=,IC50,6.8
CHEMBL40439,5.17,=,IC50,6.7
CHEMBL310036,5.17,=,IC50,6.8
CHEMBL77947,5.17,=,IC50,6.8
CHEMBL1164353,5.17,=,IC50,6.76
CHEMBL4208658,5.16,=,IC50,6.9
CHEMBL2024360,5.16,=,IC50,7.0
CHEMBL112564,5.16,=,IC50,6.92
CHEMBL26241,5.16,=,IC50,7.0
CHEMBL569595,5.16,=,IC50,6.9
CHEMBL3360318,5.15,=,IC50,7114.0
CHEMBL4102484,5.15,=,IC50,7.11
CHEMBL4175809,5.15,=,IC50,7.08
CHEMBL4170146,5.15,=,IC50,7.01
CHEMBL3931871,5.14,=,IC50,7200.0
CHEMBL77210,5.14,=,IC50,7.2
CHEMBL4071797,5.14,=,IC50,7.3
CHEMBL1077258,5.14,=,IC50,7.165
CHEMBL400717,5.14,=,IC50,7.2
CHEMBL489421,5.14,=,IC50,7160.0
CHEMBL582893,5.14,=,IC50,7.2
CHEMBL3099842,5.14,=,IC50,7.31
CHEMBL198058,5.13,=,IC50,7.36
CHEMBL4103448,5.13,=,IC50,7.34
CHEMBL4094562,5.13,=,IC50,7.4
CHEMBL4166399,5.13,=,IC50,7.47
CHEMBL4100087,5.12,=,IC50,7.5
CHEMBL4792401,5.12,=,IC50,7.66
CHEMBL4740478,5.12,=,IC50,7.63
CHEMBL6246,5.12,=,IC50,7.5
CHEMBL405384,5.12,=,IC50,7.5
CHEMBL4095674,5.12,=,IC50,7.58
CHEMBL2312654,5.11,=,IC50,7.74
CHEMBL2203561,5.11,=,IC50,7.83
CHEMBL223147,5.11,=,IC50,7.7
CHEMBL459575,5.11,=,IC50,7.8
CHEMBL4078207,5.11,=,IC50,7.78
CHEMBL24073,5.10,=,IC50,8.0
CHEMBL1957780,5.10,=,IC50,7.99
CHEMBL341655,5.10,=,IC50,8.0
CHEMBL306347,5.10,=,IC50,8.0
CHEMBL416975,5.10,=,IC50,8.0
CHEMBL3358802,5.10,=,IC50,8.0
CHEMBL4095479,5.10,=,IC50,7.96
CHEMBL1080932,5.09,=,IC50,8200.0
CHEMBL4213199,5.09,=,IC50,8.1
CHEMBL4205137,5.09,=,IC50,8.1
CHEMBL98350,5.09,=,IC50,8.1
CHEMBL4204838,5.09,=,IC50,8.1
CHEMBL2314101,5.09,=,IC50,8.1
CHEMBL326531,5.08,=,IC50,8400.0
CHEMBL3765050,5.08,=,IC50,8.3
CHEMBL131770,5.08,=,IC50,8.39
CHEMBL4748212,5.08,=,IC50,8.32
CHEMBL399696,5.07,=,IC50,8.5
CHEMBL1084684,5.07,=,IC50,8.525
CHEMBL4104341,5.07,=,IC50,8.48
CHEMBL4164291,5.07,=,IC50,8.54
CHEMBL4209448,5.06,=,IC50,8.75
CHEMBL4091061,5.06,=,IC50,8.7
CHEMBL2016642,5.06,=,IC50,8.75
CHEMBL4759305,5.06,=,IC50,8.74
CHEMBL4092659,5.06,=,IC50,8.7
CHEMBL4208269,5.06,=,IC50,8.7
CHEMBL178769,5.06,=,IC50,8.7
CHEMBL4074837,5.05,=,IC50,9.0
CHEMBL87706,5.05,=,IC50,8.99
CHEMBL3093041,5.05,=,IC50,8900.0
CHEMBL3099834,5.05,=,IC50,8.84
CHEMBL3765195,5.04,=,IC50,9.06
CHEMBL4174355,5.04,=,IC50,9.22
CHEMBL4174941,5.04,=,IC50,9.22
CHEMBL4084955,5.04,=,IC50,9.23
CHEMBL4066679,5.03,=,IC50,9.42
CHEMBL112483,5.03,=,IC50,9.3
CHEMBL2006765,5.03,=,IC50,9.41
CHEMBL3764532,5.02,=,IC50,9.63
CHEMBL115875,5.02,=,IC50,9.6
CHEMBL1272116,5.02,=,IC50,9.6
CHEMBL4075648,5.02,=,IC50,9.61
CHEMBL1938402,5.02,=,IC50,9.5
CHEMBL249734,5.01,=,IC50,9.82
CHEMBL3093045,5.01,=,IC50,9800.0
CHEMBL4590543,5.01,=,IC50,9.85
CHEMBL4780397,5.01,=,IC50,9.75
CHEMBL3765711,5.01,=,IC50,9.66
CHEMBL140045,5.00,=,IC50,10.0
CHEMBL1352577,5.00,=,IC50,10.0
CHEMBL4203890,5.00,=,IC50,10.0
CHEMBL513330,5.00,=,IC50,10.0
CHEMBL4217077,5.00,=,IC50,10.1
CHEMBL3358803,5.00,=,IC50,10.0
CHEMBL142764,5.00,=,IC50,10.0
CHEMBL99779,5.00,=,IC50,10.0
CHEMBL284365,5.00,=,IC50,10.0
CHEMBL3928145,5.00,=,IC50,10000.0
CHEMBL24338,5.00,=,IC50,10.0
CHEMBL1802401,5.00,=,IC50,9.95
CHEMBL4757059,5.00,=,IC50,9.89
CHEMBL24693,5.00,=,IC50,10.0
CHEMBL26616,5.00,=,IC50,10.0
CHEMBL286009,5.00,=,IC50,10.0
CHEMBL403233,4.99,=,IC50,10.2
CHEMBL1077282,4.98,=,IC50,10.546
CHEMBL403562,4.98,=,IC50,10.4
CHEMBL4065388,4.97,=,IC50,10.69
CHEMBL2203563,4.97,=,IC50,10.8
CHEMBL403404,4.97,=,IC50,10.6
CHEMBL1085918,4.96,=,IC50,10.892
CHEMBL203571,4.96,=,IC50,11.0
CHEMBL518732,4.96,=,IC50,11.0
CHEMBL261249,4.96,=,IC50,11.0
CHEMBL290211,4.96,=,IC50,11.0
CHEMBL3120496,4.94,=,IC50,11.6
CHEMBL4279439,4.94,=,IC50,11.4
CHEMBL2029696,4.93,=,IC50,11.8
CHEMBL323012,4.93,=,IC50,11.7
CHEMBL4064706,4.93,=,IC50,11.7
CHEMBL4750854,4.92,=,IC50,11.9
CHEMBL40004,4.92,=,IC50,12.0
CHEMBL178268,4.92,=,IC50,12.0
CHEMBL77458,4.92,=,IC50,12.0
CHEMBL564815,4.91,=,IC50,12.27
CHEMBL4204026,4.91,=,IC50,12.45
CHEMBL4079572,4.91,=,IC50,12.3
CHEMBL559241,4.91,=,IC50,12.44
CHEMBL558317,4.91,=,IC50,12.45
CHEMBL1085919,4.91,=,IC50,12.247
CHEMBL4098364,4.90,=,IC50,12.7
CHEMBL3764465,4.89,=,IC50,12.81
CHEMBL567824,4.89,=,IC50,13.0
CHEMBL4436958,4.89,=,IC50,12.75
CHEMBL4207133,4.89,=,IC50,12.94
CHEMBL1097974,4.88,=,IC50,13200.0
CHEMBL400239,4.88,=,IC50,13.31
CHEMBL460627,4.87,=,IC50,13.5
CHEMBL559040,4.87,=,IC50,13.58
CHEMBL1801631,4.87,=,IC50,13.4
CHEMBL4289709,4.87,=,IC50,13.6
CHEMBL1518160,4.86,=,IC50,13.68
CHEMBL4066075,4.86,=,IC50,13.86
CHEMBL432684,4.86,=,IC50,13.7
CHEMBL38043,4.85,=,IC50,14.1
CHEMBL92361,4.85,=,IC50,14.0
CHEMBL4746644,4.85,=,IC50,14.05
CHEMBL3752684,4.83,=,IC50,14.7
CHEMBL249947,4.82,=,IC50,15.2
CHEMBL1201279,4.82,=,IC50,15.0
CHEMBL305627,4.82,=,IC50,15.0
CHEMBL77416,4.82,=,IC50,15.0
CHEMBL104264,4.82,=,IC50,15.0
CHEMBL103006,4.82,=,IC50,15.3
CHEMBL259141,4.82,=,IC50,15.0
CHEMBL4087456,4.82,=,IC50,15.29
CHEMBL4790790,4.81,=,IC50,15.39
CHEMBL4214720,4.80,=,IC50,16.0
CHEMBL4090889,4.80,=,IC50,15.84
CHEMBL1834321,4.80,=,IC50,16000.0
CHEMBL3978908,4.80,=,IC50,15.79
CHEMBL330398,4.80,=,IC50,16.0
CHEMBL3971275,4.80,=,IC50,15.7
CHEMBL3818247,4.79,=,IC50,16184.0
CHEMBL252672,4.78,=,IC50,16.6
CHEMBL1085920,4.78,=,IC50,16.784
CHEMBL1834122,4.77,=,IC50,17000.0
CHEMBL476851,4.77,=,IC50,17.0
CHEMBL4279567,4.77,=,IC50,17.0
CHEMBL3763264,4.77,=,IC50,16.99
CHEMBL1084692,4.77,=,IC50,17.103
CHEMBL111895,4.77,=,IC50,17.0
CHEMBL4064819,4.75,=,IC50,17.9
CHEMBL4284111,4.75,=,IC50,18.0
CHEMBL3969394,4.75,=,IC50,18.0
CHEMBL1668411,4.75,=,IC50,18.0
CHEMBL76427,4.75,=,IC50,18.0
CHEMBL4290418,4.75,=,IC50,18.0
CHEMBL4283032,4.75,=,IC50,18.0
CHEMBL140,4.75,=,IC50,17.95
CHEMBL394683,4.74,=,IC50,18.23
CHEMBL290184,4.74,=,IC50,18.2
CHEMBL4210679,4.74,=,IC50,18.03
CHEMBL4078439,4.73,=,IC50,18.6
CHEMBL4785368,4.72,=,IC50,18.95
CHEMBL4293500,4.72,=,IC50,19.0
CHEMBL4076026,4.72,=,IC50,18.9
CHEMBL4278749,4.70,=,IC50,20.0
CHEMBL4287006,4.70,=,IC50,20.0
CHEMBL202695,4.70,=,IC50,20.0
CHEMBL77267,4.70,=,IC50,20.0
CHEMBL523586,4.70,=,IC50,20000.0
CHEMBL4465183,4.70,=,IC50,20.0
CHEMBL4443876,4.70,=,IC50,19.96
CHEMBL26101,4.70,=,IC50,20.0
CHEMBL1084693,4.69,=,IC50,20.532
CHEMBL277294,4.69,=,IC50,20.22
CHEMBL4287420,4.68,=,IC50,21.0
CHEMBL1910509,4.68,=,IC50,21.0
CHEMBL4205360,4.67,=,IC50,21.2
CHEMBL4282621,4.66,=,IC50,22.0
CHEMBL178179,4.66,=,IC50,22.0
CHEMBL1802963,4.65,=,IC50,22.45
CHEMBL552406,4.65,=,IC50,22.46
CHEMBL4081419,4.65,=,IC50,22.4
CHEMBL4097321,4.64,=,IC50,22.9
CHEMBL40835,4.64,=,IC50,23000.0
CHEMBL2334795,4.64,=,IC50,23.0
CHEMBL414128,4.64,=,IC50,23.0
CHEMBL428968,4.64,=,IC50,23000.0
CHEMBL2163999,4.64,=,IC50,23.0
CHEMBL3648680,4.64,=,IC50,23.0
CHEMBL40493,4.64,=,IC50,23000.0
CHEMBL408732,4.64,=,IC50,23000.0
CHEMBL290147,4.64,=,IC50,23000.0
CHEMBL4070897,4.63,=,IC50,23.2
CHEMBL2071610,4.62,=,IC50,24.2
CHEMBL4166095,4.61,=,IC50,24.36
CHEMBL4294290,4.60,=,IC50,25.0
CHEMBL523747,4.60,=,IC50,25.0
CHEMBL496778,4.60,=,IC50,25.0
CHEMBL2207940,4.60,=,IC50,25.0
CHEMBL25829,4.60,=,IC50,25.0
CHEMBL495771,4.60,=,IC50,25.0
CHEMBL595061,4.60,=,IC50,25.0
CHEMBL4277682,4.60,=,IC50,25.0
CHEMBL497196,4.60,=,IC50,25.0
CHEMBL497398,4.60,=,IC50,25.0
CHEMBL445757,4.60,=,IC50,25.0
CHEMBL399493,4.60,=,IC50,25.0
CHEMBL343821,4.60,=,IC50,25.0
CHEMBL1083528,4.60,=,IC50,25.038
CHEMBL2203554,4.59,=,IC50,25.6
CHEMBL4217051,4.59,=,IC50,25.6
CHEMBL1834124,4.58,=,IC50,26000.0
CHEMBL4793155,4.57,=,IC50,26.96
CHEMBL78264,4.57,=,IC50,27.0
CHEMBL4073006,4.57,=,IC50,27.1
CHEMBL399121,4.57,=,IC50,26.9
CHEMBL4287484,4.57,=,IC50,27.0
CHEMBL4290903,4.57,=,IC50,27.0
CHEMBL2207939,4.57,=,IC50,27.0
CHEMBL4102694,4.56,=,IC50,27.3
CHEMBL2334793,4.56,=,IC50,27.8
CHEMBL180814,4.55,=,IC50,28.0
CHEMBL4281295,4.55,=,IC50,28.0
CHEMBL4634634,4.55,=,IC50,28.11
CHEMBL40022,4.54,=,IC50,29.0
CHEMBL290436,4.54,=,IC50,29.0
CHEMBL206109,4.54,=,IC50,29.0
CHEMBL4060722,4.53,=,IC50,29.7
CHEMBL2312646,4.52,=,IC50,30.0
CHEMBL2312645,4.52,=,IC50,30.0
CHEMBL2312652,4.52,=,IC50,30.0
CHEMBL2312649,4.52,=,IC50,30.0
CHEMBL572922,4.52,=,IC50,30.0
CHEMBL2071613,4.52,=,IC50,30.1
CHEMBL1096636,4.52,=,IC50,30000.0
CHEMBL1096292,4.52,=,IC50,30000.0
CHEMBL563143,4.51,=,IC50,30.6
CHEMBL2071609,4.51,=,IC50,30.8
CHEMBL2071607,4.51,=,IC50,30.8
CHEMBL4102903,4.51,=,IC50,31.01
CHEMBL524901,4.50,=,IC50,32.0
CHEMBL4294291,4.50,=,IC50,32.0
CHEMBL1336,4.49,=,IC50,32.64
CHEMBL4090172,4.48,=,IC50,33.4
CHEMBL4286404,4.48,=,IC50,33.0
CHEMBL4082108,4.48,=,IC50,33.4
CHEMBL4449662,4.47,=,IC50,33800.0
CHEMBL4293899,4.46,=,IC50,35.0
CHEMBL4289675,4.46,=,IC50,35.0
CHEMBL4279766,4.46,=,IC50,35.0
CHEMBL26551,4.46,=,IC50,35.0
CHEMBL2435289,4.45,=,IC50,35.68
CHEMBL209148,4.44,=,IC50,36.0
CHEMBL103667,4.43,=,IC50,37.0
CHEMBL2203565,4.42,=,IC50,38.1
CHEMBL2334794,4.42,=,IC50,37.8
CHEMBL2334799,4.40,=,IC50,40.0
CHEMBL3358804,4.40,=,IC50,40.0
CHEMBL2435287,4.40,=,IC50,40.18
CHEMBL361348,4.40,=,IC50,40.0
CHEMBL2207941,4.40,=,IC50,40.0
CHEMBL2435286,4.38,=,IC50,42.18
CHEMBL206659,4.37,=,IC50,43.0
CHEMBL2334786,4.37,=,IC50,42.7
CHEMBL4640598,4.35,=,IC50,44.48
CHEMBL2071612,4.35,=,IC50,44.5
CHEMBL4289419,4.35,=,IC50,45.0
CHEMBL4083384,4.35,=,IC50,44.3
CHEMBL4094063,4.34,=,IC50,45.9
CHEMBL9352,4.34,=,IC50,45.7
CHEMBL4075286,4.33,=,IC50,46.7
CHEMBL4641672,4.33,=,IC50,46.5
CHEMBL2207946,4.32,=,IC50,47.5
CHEMBL4287074,4.32,=,IC50,48.0
CHEMBL4277428,4.31,=,IC50,49.0
CHEMBL359135,4.30,=,IC50,50.0
CHEMBL1081198,4.30,=,IC50,50.0
CHEMBL4215567,4.30,=,IC50,50.0
CHEMBL1801620,4.30,=,IC50,50.0
CHEMBL143525,4.30,=,IC50,50.0
CHEMBL382607,4.30,=,IC50,50.0
CHEMBL4204473,4.30,=,IC50,50.0
CHEMBL2313844,4.30,=,IC50,50.0
CHEMBL105712,4.30,=,IC50,50.0
CHEMBL361231,4.30,=,IC50,50.0
CHEMBL4213595,4.30,=,IC50,50.0
CHEMBL4277269,4.29,=,IC50,51.0
CHEMBL4062211,4.29,=,IC50,51.7
CHEMBL2203564,4.27,=,IC50,53.3
CHEMBL2420911,4.26,=,IC50,55.0
CHEMBL2071614,4.22,=,IC50,60.0
CHEMBL77002,4.22,=,IC50,60.0
CHEMBL284125,4.19,=,IC50,65.0
CHEMBL571525,4.19,=,IC50,65.0
CHEMBL4285999,4.18,=,IC50,66.0
CHEMBL2334798,4.17,=,IC50,67.8
CHEMBL4073420,4.17,=,IC50,68.3
CHEMBL24773,4.16,=,IC50,70.0
CHEMBL2334797,4.15,=,IC50,71.3
CHEMBL2334791,4.13,=,IC50,73.7
CHEMBL2334789,4.13,=,IC50,73.9
CHEMBL4100927,4.13,=,IC50,74.9
CHEMBL25927,4.12,=,IC50,75.0
CHEMBL596364,4.12,=,IC50,75.0
CHEMBL2334790,4.12,=,IC50,76.1
CHEMBL4280203,4.12,=,IC50,75.0
CHEMBL142327,4.12,=,IC50,75.0
CHEMBL2207938,4.11,=,IC50,77.2
CHEMBL1448,4.11,=,IC50,77.5
CHEMBL4290490,4.10,=,IC50,80.0
CHEMBL2334796,4.09,=,IC50,81.5
CHEMBL312065,4.07,=,IC50,85.0
CHEMBL4279152,4.05,=,IC50,90.0
CHEMBL1801612,4.00,=,IC50,100.0
CHEMBL4294709,4.00,=,IC50,100.0
CHEMBL3745772,4.00,=,IC50,100.0
CHEMBL451532,4.00,=,IC50,100.0
CHEMBL449317,4.00,=,IC50,100.0
CHEMBL1801613,4.00,=,IC50,100.0
CHEMBL26000,4.00,=,IC50,100.0
CHEMBL3986013,3.49,=,IC50,322.0
CHEMBL48082,3.46,=,IC50,350.0
CHEMBL50226,3.38,=,IC50,420.0
CHEMBL2207943,3.32,=,IC50,480.0
CHEMBL2207942,3.08,=,IC50,830.0
CHEMBL2386094,10.89,=,IC50,0.013
CHEMBL3895998,10.00,=,IC50,0.1
CHEMBL4084855,10.00,=,IC50,0.1
