molecule_chembl_id,type,value,units,pchembl_value
CHEMBL2386094,IC50,0.013,nM,10.89
CHEMBL3895998,IC50,0.1,nM,10.0
CHEMBL4084855,IC50,0.1,nM,10.0
CHEMBL564450,IC50,0.00014,uM,9.85
CHEMBL3957649,IC50,0.2,nM,9.7
CHEMBL4063206,IC50,0.2,nM,9.7
CHEMBL2386090,IC50,0.2,nM,9.7
CHEMBL4077376,IC50,0.2,nM,9.7
CHEMBL3942619,IC50,0.2,nM,9.7
CHEMBL3963605,IC50,0.2,nM,9.7
CHEMBL2177173,Ki,0.22,nM,9.66
CHEMBL491647,IC50,0.23,nM,9.64
CHEMBL3091542,IC50,0.23,nM,9.64
CHEMBL4076186,IC50,0.25,nM,9.6
CHEMBL3410091,IC50,0.29,nM,9.54
CHEMBL181031,IC50,0.3,nM,9.52
CHEMBL477038,IC50,0.35,nM,9.46
CHEMBL3410092,IC50,0.37,nM,9.43
CHEMBL4076060,IC50,0.4,nM,9.4
CHEMBL1088011,Ki,0.4,nM,9.4
CHEMBL1088145,Ki,0.4,nM,9.4
CHEMBL4087402,IC50,0.4,nM,9.4
CHEMBL2177163,Ki,0.4,nM,9.4
CHEMBL5175996,IC50,0.4,nM,9.4
CHEMBL1082153,IC50,0.4,nM,9.4
CHEMBL3410090,IC50,0.45,nM,9.35
CHEMBL2182002,Ki,0.46,nM,9.34
CHEMBL3091541,IC50,0.47,nM,9.33
CHEMBL2177174,Ki,0.48,nM,9.32
CHEMBL4095848,IC50,0.5,nM,9.3
CHEMBL489833,IC50,0.51,nM,9.29
CHEMBL4468662,IC50,0.508,nM,9.29
CHEMBL2386093,IC50,0.53,nM,9.28
CHEMBL1080901,IC50,0.56,nM,9.25
CHEMBL1940976,IC50,0.57,nM,9.24
CHEMBL2386091,IC50,0.59,nM,9.23
CHEMBL1082152,IC50,0.6,nM,9.22
CHEMBL3185148,IC50,0.0006,uM,9.22
CHEMBL1940990,IC50,0.6,nM,9.22
CHEMBL3091544,IC50,0.64,nM,9.19
CHEMBL2177165,Ki,0.67,nM,9.17
CHEMBL270265,IC50,0.7,nM,9.15
CHEMBL4802108,IC50,0.73,nM,9.14
CHEMBL490636,IC50,0.73,nM,9.14
CHEMBL4084151,IC50,0.73,nM,9.14
CHEMBL4758595,Ki,0.78,nM,9.11
CHEMBL260417,IC50,0.8,nM,9.1
CHEMBL4856177,IC50,0.8,nM,9.1
CHEMBL1080902,Ki,0.8,nM,9.1
CHEMBL4065818,IC50,0.8,nM,9.1
CHEMBL260138,IC50,800.0,pM,9.1
CHEMBL3410111,IC50,0.83,nM,9.08
CHEMBL1940981,IC50,0.86,nM,9.07
CHEMBL3091540,IC50,0.87,nM,9.06
CHEMBL2386272,IC50,0.87,nM,9.06
CHEMBL5178166,IC50,0.9,nM,9.05
CHEMBL522590,IC50,0.95,nM,9.02
CHEMBL4764153,Ki,0.95,nM,9.02
CHEMBL3943813,IC50,1.0,nM,9.0
CHEMBL495727,IC50,1.0,nM,9.0
CHEMBL1957949,IC50,0.001,uM,9.0
CHEMBL2177177,Ki,0.99,nM,9.0
CHEMBL1082151,IC50,1.0,nM,9.0
CHEMBL261129,IC50,1.0,nM,9.0
CHEMBL260664,IC50,1.0,nM,9.0
CHEMBL2048663,IC50,1.0,nM,9.0
CHEMBL1940986,IC50,1.0,nM,9.0
CHEMBL3410089,IC50,1.1,nM,8.96
CHEMBL4165510,IC50,0.0011,uM,8.96
CHEMBL4067532,IC50,1.1,nM,8.96
CHEMBL2177155,Ki,1.1,nM,8.96
CHEMBL362558,IC50,1.1,nM,8.96
CHEMBL4077048,IC50,1.2,nM,8.92
CHEMBL490842,IC50,1.2,nM,8.92
CHEMBL4105346,IC50,1.2,nM,8.92
CHEMBL4744945,Ki,1.26,nM,8.9
CHEMBL4164416,IC50,0.0013,uM,8.89
CHEMBL4162850,IC50,0.0013,uM,8.89
CHEMBL363058,IC50,1.3,nM,8.89
CHEMBL2182001,Ki,1.3,nM,8.89
CHEMBL4521500,IC50,1.37,nM,8.86
CHEMBL1940979,IC50,1.4,nM,8.85
CHEMBL4763408,Ki,1.41,nM,8.85
CHEMBL4579826,IC50,1.42,nM,8.85
CHEMBL3719193,IC50,1.4,nM,8.85
CHEMBL2203552,IC50,1.491,nM,8.83
CHEMBL270473,IC50,1.5,nM,8.82
CHEMBL2177156,Ki,1.5,nM,8.82
CHEMBL4169204,IC50,0.0016,uM,8.8
CHEMBL362588,IC50,1.6,nM,8.8
CHEMBL4104714,IC50,1.7,nM,8.77
CHEMBL4071429,IC50,1.7,nM,8.77
CHEMBL4758192,Ki,1.72,nM,8.76
CHEMBL4065624,IC50,1.8,nM,8.74
CHEMBL54547,IC50,1.8,nM,8.74
CHEMBL1081973,IC50,1.8,nM,8.74
CHEMBL4085821,IC50,1.8,nM,8.74
CHEMBL4744114,Ki,1.85,nM,8.73
CHEMBL2386092,IC50,1.9,nM,8.72
CHEMBL1076701,Ki,1.9,nM,8.72
CHEMBL1081633,Ki,2.0,nM,8.7
CHEMBL2048684,IC50,2.0,nM,8.7
CHEMBL1076721,Ki,2.0,nM,8.7
CHEMBL2048680,IC50,2.0,nM,8.7
CHEMBL549953,IC50,0.002,uM,8.7
CHEMBL526110,IC50,0.002,uM,8.7
CHEMBL1079966,Ki,2.0,nM,8.7
CHEMBL2048660,IC50,2.0,nM,8.7
CHEMBL2048685,IC50,2.0,nM,8.7
CHEMBL4098458,IC50,2.0,nM,8.7
CHEMBL4172295,IC50,0.002,uM,8.7
CHEMBL233970,IC50,0.002,uM,8.7
CHEMBL5077814,IC50,0.002,uM,8.7
CHEMBL4088777,IC50,2.0,nM,8.7
CHEMBL4639853,IC50,2.0,nM,8.7
CHEMBL1080849,Ki,2.0,nM,8.7
CHEMBL1086602,Ki,2.0,nM,8.7
CHEMBL2177159,Ki,2.0,nM,8.7
CHEMBL3949218,IC50,2.1,nM,8.68
CHEMBL4074586,IC50,2.2,nM,8.66
CHEMBL516640,IC50,2.3,nM,8.64
CHEMBL4072455,IC50,2.3,nM,8.64
CHEMBL1230134,IC50,2.3,nM,8.64
CHEMBL1940989,IC50,2.4,nM,8.62
CHEMBL1088149,IC50,2.4,nM,8.62
CHEMBL3410094,IC50,2.4,nM,8.62
CHEMBL3410096,IC50,2.4,nM,8.62
CHEMBL3085387,IC50,2.5,nM,8.6
CHEMBL513570,IC50,2.5,nM,8.6
CHEMBL4073837,IC50,2.6,nM,8.59
CHEMBL178737,IC50,2.6,nM,8.59
CHEMBL4093559,IC50,2.7,nM,8.57
CHEMBL4449746,IC50,2.75,nM,8.56
CHEMBL1684800,IC50,2.73,nM,8.56
CHEMBL6291,IC50,2.8,nM,8.55
CHEMBL3091538,IC50,2.9,nM,8.54
CHEMBL2048662,IC50,3.0,nM,8.52
CHEMBL2048676,IC50,3.0,nM,8.52
CHEMBL1957956,IC50,0.003,uM,8.52
CHEMBL2048678,IC50,3.0,nM,8.52
CHEMBL2048670,IC50,3.0,nM,8.52
CHEMBL2048681,IC50,3.0,nM,8.52
CHEMBL1162963,IC50,0.003,uM,8.52
CHEMBL1086735,Ki,3.0,nM,8.52
CHEMBL402902,IC50,3.0,nM,8.52
CHEMBL1650951,IC50,3.0,nM,8.52
CHEMBL2048682,IC50,3.0,nM,8.52
CHEMBL3969156,IC50,3.0,nM,8.52
CHEMBL3647955,IC50,3.0,nM,8.52
CHEMBL2048677,IC50,3.0,nM,8.52
CHEMBL1088021,Ki,3.0,nM,8.52
CHEMBL4747992,IC50,0.003,uM,8.52
CHEMBL5186457,IC50,3.0,nM,8.52
CHEMBL1231352,IC50,3.0,nM,8.52
CHEMBL4483032,IC50,0.003,uM,8.52
CHEMBL4526183,IC50,0.003,uM,8.52
CHEMBL2177168,Ki,3.1,nM,8.51
CHEMBL499006,IC50,3.1,nM,8.51
CHEMBL3401132,IC50,3.1,nM,8.51
CHEMBL3091539,IC50,3.2,nM,8.49
CHEMBL1081294,IC50,3.2,nM,8.49
CHEMBL4213175,IC50,3.4,nM,8.47
CHEMBL471833,IC50,3.5,nM,8.46
CHEMBL4096472,IC50,3.5,nM,8.46
CHEMBL489210,IC50,3.5,nM,8.46
CHEMBL4463440,IC50,3.59,nM,8.45
CHEMBL431933,IC50,3.6,nM,8.44
CHEMBL3401131,IC50,3.7,nM,8.43
CHEMBL2386088,IC50,3.7,nM,8.43
CHEMBL1076755,Ki,3.7,nM,8.43
CHEMBL4065956,IC50,3.8,nM,8.42
CHEMBL4067170,IC50,3.9,nM,8.41
CHEMBL103506,IC50,0.004,uM,8.4
CHEMBL407981,IC50,4.0,nM,8.4
CHEMBL4640019,IC50,0.004,uM,8.4
CHEMBL2048659,IC50,4.0,nM,8.4
CHEMBL321315,IC50,0.004,uM,8.4
CHEMBL4632807,IC50,0.004,uM,8.4
CHEMBL1276127,IC50,4.0,nM,8.4
CHEMBL4791586,Ki,0.004,uM,8.4
CHEMBL1082009,Ki,4.0,nM,8.4
CHEMBL5203304,IC50,4.0,nM,8.4
CHEMBL1830063,IC50,4.0,nM,8.4
CHEMBL111298,IC50,0.004,uM,8.4
CHEMBL4093930,IC50,4.1,nM,8.39
CHEMBL1997924,IC50,4.17,nM,8.38
CHEMBL368248,IC50,4.2,nM,8.38
CHEMBL2094331,IC50,0.00419,uM,8.38
CHEMBL3401129,IC50,4.2,nM,8.38
CHEMBL4101293,IC50,4.2,nM,8.38
CHEMBL4089702,IC50,4.3,nM,8.37
CHEMBL4100923,IC50,4.3,nM,8.37
CHEMBL3410107,IC50,4.4,nM,8.36
CHEMBL2177162,Ki,4.4,nM,8.36
CHEMBL4543687,IC50,4.43,nM,8.35
CHEMBL1086736,Ki,4.5,nM,8.35
CHEMBL3091464,IC50,4.6,nM,8.34
CHEMBL3410097,IC50,4.7,nM,8.33
CHEMBL4078436,IC50,4.7,nM,8.33
CHEMBL2386096,IC50,4.8,nM,8.32
CHEMBL3401127,IC50,4.9,nM,8.31
CHEMBL471430,IC50,4.9,nM,8.31
CHEMBL2177161,Ki,4.9,nM,8.31
CHEMBL4755445,IC50,0.005,uM,8.3
CHEMBL1801637,IC50,0.005,uM,8.3
CHEMBL359794,IC50,0.005,uM,8.3
CHEMBL259271,IC50,5.0,nM,8.3
CHEMBL1081833,Ki,5.0,nM,8.3
CHEMBL260416,IC50,5.0,nM,8.3
CHEMBL261518,IC50,5.0,nM,8.3
CHEMBL361196,IC50,0.005,uM,8.3
CHEMBL182419,IC50,0.005,uM,8.3
CHEMBL492244,IC50,0.005,uM,8.3
CHEMBL3647956,IC50,5.0,nM,8.3
CHEMBL258483,IC50,5.0,nM,8.3
CHEMBL4077172,IC50,5.0,nM,8.3
CHEMBL368246,IC50,5.0,nM,8.3
CHEMBL4792678,IC50,0.005,uM,8.3
CHEMBL188938,IC50,0.005,uM,8.3
CHEMBL3125370,IC50,5.0,nM,8.3
CHEMBL1093747,IC50,5.0,nM,8.3
CHEMBL272629,IC50,5.0,nM,8.3
CHEMBL491447,IC50,5.1,nM,8.29
CHEMBL4062791,IC50,5.2,nM,8.28
CHEMBL2386106,IC50,5.3,nM,8.28
CHEMBL186290,IC50,5.2,nM,8.28
CHEMBL4161007,IC50,0.0052,uM,8.28
CHEMBL2386112,IC50,5.3,nM,8.28
CHEMBL4080891,IC50,5.4,nM,8.27
CHEMBL522464,IC50,5.4,nM,8.27
CHEMBL4763626,IC50,5.46,nM,8.26
CHEMBL512144,IC50,5.7,nM,8.24
CHEMBL3410110,IC50,5.9,nM,8.23
CHEMBL1092754,IC50,5.9,nM,8.23
CHEMBL3652545,IC50,6.0,nM,8.22
CHEMBL111005,IC50,0.006,uM,8.22
CHEMBL260662,IC50,6.0,nM,8.22
CHEMBL1086427,IC50,6.0,nM,8.22
CHEMBL3735986,IC50,6.0,nM,8.22
CHEMBL1957955,IC50,0.006,uM,8.22
CHEMBL105477,IC50,0.006,uM,8.22
CHEMBL5089934,IC50,0.006,uM,8.22
CHEMBL4643920,IC50,0.006,uM,8.22
CHEMBL3735890,IC50,6.1,nM,8.21
CHEMBL1682851,IC50,6.1,nM,8.21
CHEMBL2177158,Ki,6.3,nM,8.2
CHEMBL4747410,IC50,6.5,nM,8.19
CHEMBL1082188,Ki,6.5,nM,8.19
CHEMBL513878,IC50,6.5,nM,8.19
CHEMBL3091543,IC50,6.5,nM,8.19
CHEMBL1081617,IC50,6.4,nM,8.19
CHEMBL1087242,IC50,6.6,nM,8.18
CHEMBL4080483,IC50,6.6,nM,8.18
CHEMBL3410106,IC50,6.8,nM,8.17
CHEMBL4097431,IC50,6.7,nM,8.17
CHEMBL4752296,IC50,0.006999999999999999,uM,8.15
CHEMBL264161,IC50,7.0,nM,8.15
CHEMBL259838,IC50,7.0,nM,8.15
CHEMBL562023,IC50,0.007,uM,8.15
CHEMBL2048683,IC50,7.0,nM,8.15
CHEMBL407980,IC50,7.0,nM,8.15
CHEMBL3401118,IC50,7.0,nM,8.15
CHEMBL408564,IC50,7.0,nM,8.15
CHEMBL489422,IC50,7.0,nM,8.15
CHEMBL412142,IC50,0.007,uM,8.15
CHEMBL1087499,IC50,7.0,nM,8.15
CHEMBL1630488,IC50,7.0,nM,8.15
CHEMBL109981,IC50,0.007,uM,8.15
CHEMBL3410104,IC50,7.0,nM,8.15
CHEMBL409738,IC50,7.0,nM,8.15
CHEMBL255735,IC50,7.0,nM,8.15
CHEMBL261549,IC50,7.0,nM,8.15
CHEMBL247067,IC50,0.007,uM,8.15
CHEMBL1095040,IC50,7.0,nM,8.15
CHEMBL1957947,IC50,0.007,uM,8.15
CHEMBL3091531,IC50,7.4,nM,8.13
CHEMBL4089283,IC50,7.4,nM,8.13
CHEMBL3410101,IC50,7.5,nM,8.12
CHEMBL505673,IC50,7.5,nM,8.12
CHEMBL3218297,IC50,7.77,nM,8.11
CHEMBL181339,IC50,7.7,nM,8.11
CHEMBL1081446,Ki,7.7,nM,8.11
CHEMBL4082944,IC50,7.8,nM,8.11
CHEMBL3647954,IC50,8.0,nM,8.1
CHEMBL1082010,Ki,8.0,nM,8.1
CHEMBL4794823,IC50,0.008,uM,8.1
CHEMBL260345,IC50,8.0,nM,8.1
CHEMBL497564,IC50,0.008,uM,8.1
CHEMBL551633,Ki,8.0,nM,8.1
CHEMBL1957959,IC50,0.008,uM,8.1
CHEMBL1079968,Ki,8.0,nM,8.1
CHEMBL1088725,Ki,8.0,nM,8.1
CHEMBL105620,IC50,0.008,uM,8.1
CHEMBL405145,IC50,8.0,nM,8.1
CHEMBL2048665,IC50,8.0,nM,8.1
CHEMBL2048679,IC50,8.0,nM,8.1
CHEMBL109977,IC50,0.008,uM,8.1
CHEMBL1095041,IC50,8.0,nM,8.1
CHEMBL4080416,IC50,8.2,nM,8.09
CHEMBL4081408,IC50,8.1,nM,8.09
CHEMBL1081972,IC50,8.2,nM,8.09
CHEMBL2177167,Ki,8.4,nM,8.08
CHEMBL4082198,IC50,8.3,nM,8.08
CHEMBL471832,IC50,8.4,nM,8.08
CHEMBL1081102,Ki,8.3,nM,8.08
CHEMBL472043,IC50,8.6,nM,8.07
CHEMBL4096984,IC50,8.6,nM,8.07
CHEMBL1682850,IC50,8.5,nM,8.07
CHEMBL178851,IC50,8.7,nM,8.06
CHEMBL2177157,Ki,9.0,nM,8.05
CHEMBL406125,IC50,9.0,nM,8.05
CHEMBL4174082,Ki,9.0,nM,8.05
CHEMBL4776811,IC50,0.009000000000000001,uM,8.05
CHEMBL337300,IC50,0.009,uM,8.05
CHEMBL1080847,Ki,9.0,nM,8.05
CHEMBL2048672,IC50,9.0,nM,8.05
CHEMBL2048673,IC50,9.0,nM,8.05
CHEMBL1082157,Ki,9.0,nM,8.05
CHEMBL5173945,IC50,9.0,nM,8.05
CHEMBL3091545,IC50,8.9,nM,8.05
CHEMBL1076695,Ki,9.0,nM,8.05
CHEMBL2180882,IC50,9.0,nM,8.05
CHEMBL461261,IC50,9.4,nM,8.03
CHEMBL3735176,IC50,9.6,nM,8.02
CHEMBL4104642,IC50,9.6,nM,8.02
CHEMBL3401128,IC50,9.7,nM,8.01
CHEMBL1088724,IC50,10.0,nM,8.0
CHEMBL495696,IC50,0.01,uM,8.0
CHEMBL1682552,Ki,0.01,uM,8.0
CHEMBL2048669,IC50,10.0,nM,8.0
CHEMBL3652543,IC50,10.0,nM,8.0
CHEMBL1957960,IC50,0.01,uM,8.0
CHEMBL1095366,IC50,10.0,nM,8.0
CHEMBL1940987,IC50,10.0,nM,8.0
CHEMBL299756,IC50,0.01,microM,8.0
CHEMBL1940907,IC50,10.0,nM,8.0
CHEMBL4756451,IC50,0.01,uM,8.0
CHEMBL2163771,Ki,0.01,uM,8.0
CHEMBL326971,IC50,0.01,uM,8.0
CHEMBL1682541,Ki,0.01,uM,8.0
CHEMBL364370,Ki,0.01,uM,8.0
CHEMBL365297,Ki,0.01,uM,8.0
CHEMBL434337,Ki,0.01,uM,8.0
CHEMBL186890,Ki,0.01,uM,8.0
CHEMBL361708,IC50,0.01,uM,8.0
CHEMBL360408,Ki,0.01,uM,8.0
CHEMBL263448,Ki,0.01,uM,8.0
CHEMBL461262,IC50,10.0,nM,8.0
CHEMBL439850,Ki,0.01,uM,8.0
CHEMBL187750,Ki,0.01,uM,8.0
CHEMBL182326,Ki,0.01,uM,8.0
CHEMBL183064,Ki,0.01,uM,8.0
CHEMBL359999,Ki,0.01,uM,8.0
CHEMBL359554,Ki,0.01,uM,8.0
CHEMBL187081,Ki,0.01,uM,8.0
CHEMBL186054,Ki,0.01,uM,8.0
CHEMBL186476,Ki,0.01,uM,8.0
CHEMBL186680,Ki,0.01,uM,8.0
CHEMBL490637,IC50,10.2,nM,7.99
CHEMBL1630434,IC50,10.8,nM,7.97
CHEMBL407002,IC50,11.0,nM,7.96
CHEMBL361007,IC50,11.0,nM,7.96
CHEMBL1077218,IC50,11.0,nM,7.96
CHEMBL261441,IC50,11.0,nM,7.96
CHEMBL4787873,IC50,0.011000000000000001,uM,7.96
CHEMBL3410095,IC50,11.0,nM,7.96
CHEMBL4066990,IC50,11.0,nM,7.96
CHEMBL397771,IC50,0.011,uM,7.96
CHEMBL4561980,IC50,0.011,uM,7.96
CHEMBL4061578,IC50,11.0,nM,7.96
CHEMBL4076001,IC50,11.0,nM,7.96
CHEMBL2386273,IC50,11.2,nM,7.95
CHEMBL2386089,IC50,11.5,nM,7.94
CHEMBL2177164,Ki,12.0,nM,7.92
CHEMBL3699444,IC50,12.0,nM,7.92
CHEMBL4064936,IC50,12.0,nM,7.92
CHEMBL410926,IC50,12.0,nM,7.92
CHEMBL1834330,IC50,12.0,nM,7.92
CHEMBL3401117,IC50,12.0,nM,7.92
CHEMBL1077213,IC50,12.0,nM,7.92
CHEMBL3401116,IC50,12.0,nM,7.92
CHEMBL3673985,IC50,12.0,nM,7.92
CHEMBL2048661,IC50,12.0,nM,7.92
CHEMBL2177175,Ki,12.0,nM,7.92
CHEMBL408019,IC50,12.0,nM,7.92
CHEMBL2048671,IC50,12.0,nM,7.92
CHEMBL3735215,IC50,12.0,nM,7.92
CHEMBL3091536,IC50,12.0,nM,7.92
CHEMBL1097003,IC50,12.0,nM,7.92
CHEMBL362814,IC50,12.0,nM,7.92
CHEMBL3091537,IC50,13.0,nM,7.89
CHEMBL3093034,IC50,13.0,nM,7.89
CHEMBL470167,IC50,13.0,nM,7.89
CHEMBL3398202,IC50,13.0,nM,7.89
CHEMBL2347053,IC50,13.0,nM,7.89
CHEMBL3093032,IC50,13.0,nM,7.89
CHEMBL584976,IC50,13.0,nM,7.89
CHEMBL4445449,IC50,0.013,uM,7.89
CHEMBL4095172,IC50,13.0,nM,7.89
CHEMBL215803,IC50,13.0,nM,7.89
CHEMBL3652540,IC50,13.0,nM,7.89
CHEMBL1834315,IC50,13.0,nM,7.89
CHEMBL3410087,IC50,13.0,nM,7.89
CHEMBL179725,IC50,13.0,nM,7.89
CHEMBL2048674,IC50,13.0,nM,7.89
CHEMBL4068148,IC50,13.0,nM,7.89
CHEMBL4064440,IC50,13.0,nM,7.89
CHEMBL402541,IC50,13.0,nM,7.89
CHEMBL490861,IC50,13.2,nM,7.88
CHEMBL4633136,IC50,0.014,uM,7.85
CHEMBL2391118,IC50,0.014,uM,7.85
CHEMBL325817,IC50,0.014,uM,7.85
CHEMBL1089723,IC50,14.0,nM,7.85
CHEMBL3401120,IC50,14.0,nM,7.85
CHEMBL326208,IC50,0.014,uM,7.85
CHEMBL2048658,IC50,14.0,nM,7.85
CHEMBL1081069,Ki,14.0,nM,7.85
CHEMBL4095163,IC50,14.0,nM,7.85
CHEMBL2048666,IC50,14.0,nM,7.85
CHEMBL1097694,IC50,14.0,nM,7.85
CHEMBL4641082,IC50,0.014,uM,7.85
CHEMBL317657,IC50,14.0,nM,7.85
CHEMBL4753139,IC50,0.013999999999999999,uM,7.85
CHEMBL396614,IC50,0.014,uM,7.85
CHEMBL4744911,IC50,14.6,nM,7.84
CHEMBL575138,IC50,0.015,microM,7.82
CHEMBL4748993,IC50,0.015,uM,7.82
CHEMBL503469,IC50,15.0,nM,7.82
CHEMBL109834,IC50,0.015,uM,7.82
CHEMBL260163,IC50,15.0,nM,7.82
CHEMBL4075400,IC50,15.0,nM,7.82
CHEMBL2386097,IC50,15.0,nM,7.82
CHEMBL1957954,IC50,0.015,uM,7.82
CHEMBL436837,IC50,15.0,nM,7.82
CHEMBL1081071,Ki,16.0,nM,7.8
CHEMBL1940980,IC50,16.0,nM,7.8
CHEMBL469507,IC50,16.0,nM,7.8
CHEMBL3401125,IC50,16.0,nM,7.8
CHEMBL1076552,Ki,16.0,nM,7.8
CHEMBL4647659,IC50,0.016,uM,7.8
CHEMBL406644,IC50,16.0,nM,7.8
CHEMBL1210175,IC50,0.016,uM,7.8
CHEMBL306865,IC50,0.016,uM,7.8
CHEMBL468963,IC50,0.016,uM,7.8
CHEMBL2203556,IC50,0.016,uM,7.8
CHEMBL1682355,Ki,0.016,uM,7.8
CHEMBL4748792,IC50,0.016,uM,7.8
CHEMBL3647950,IC50,16.0,nM,7.8
CHEMBL2177169,Ki,16.0,nM,7.8
CHEMBL484685,IC50,16.1,nM,7.79
CHEMBL4527984,IC50,16.5,nM,7.78
CHEMBL1630452,IC50,17.0,nM,7.77
CHEMBL549668,Ki,17.0,nM,7.77
CHEMBL3735856,IC50,17.0,nM,7.77
CHEMBL4645337,IC50,0.017,uM,7.77
CHEMBL2391102,IC50,0.017,uM,7.77
CHEMBL340935,IC50,0.017,uM,7.77
CHEMBL3401115,IC50,17.0,nM,7.77
CHEMBL2046466,IC50,17.0,nM,7.77
CHEMBL1682553,Ki,0.017,uM,7.77
CHEMBL2048664,IC50,17.0,nM,7.77
CHEMBL1347394,IC50,17.1,nM,7.77
CHEMBL1682842,IC50,17.4,nM,7.76
CHEMBL501724,IC50,17.2,nM,7.76
CHEMBL4103742,IC50,18.0,nM,7.75
CHEMBL4777349,Ki,0.018000000000000002,uM,7.75
CHEMBL3736455,IC50,18.0,nM,7.75
CHEMBL1081632,Ki,18.0,nM,7.75
CHEMBL469508,IC50,18.0,nM,7.75
CHEMBL336961,IC50,0.018,uM,7.75
CHEMBL331000,IC50,0.018,microM,7.75
CHEMBL2386108,IC50,17.6,nM,7.75
CHEMBL2177160,Ki,18.0,nM,7.75
CHEMBL260680,IC50,18.0,nM,7.75
CHEMBL1091081,IC50,18.0,nM,7.75
CHEMBL4069785,IC50,18.0,nM,7.75
CHEMBL1630487,IC50,18.0,nM,7.75
CHEMBL407373,IC50,18.0,nM,7.75
CHEMBL3735506,IC50,18.0,nM,7.75
CHEMBL325654,IC50,0.018,microM,7.75
CHEMBL4290039,IC50,18.0,nM,7.75
CHEMBL4474903,IC50,18.46,nM,7.73
CHEMBL3938724,IC50,19.0,nM,7.72
CHEMBL1682554,Ki,0.019,uM,7.72
CHEMBL3401126,IC50,19.0,nM,7.72
CHEMBL2391101,IC50,0.019,uM,7.72
CHEMBL4102920,IC50,19.0,nM,7.72
CHEMBL4796437,IC50,0.019,uM,7.72
CHEMBL261596,IC50,19.0,nM,7.72
CHEMBL3401119,IC50,19.0,nM,7.72
CHEMBL4757470,IC50,19.7,nM,7.71
CHEMBL3652550,IC50,20.0,nM,7.7
CHEMBL1957950,IC50,0.02,uM,7.7
CHEMBL183038,IC50,0.02,uM,7.7
CHEMBL3735603,IC50,20.0,nM,7.7
CHEMBL2177166,Ki,20.0,nM,7.7
CHEMBL4088266,IC50,20.0,nM,7.7
CHEMBL574613,IC50,20.0,nM,7.7
CHEMBL3661033,IC50,20.0,nM,7.7
CHEMBL423323,IC50,0.02,uM,7.7
CHEMBL182493,Ki,0.02,uM,7.7
CHEMBL298445,Ki,20.0,nM,7.7
CHEMBL3652541,IC50,20.0,nM,7.7
CHEMBL2163772,Ki,0.02,uM,7.7
CHEMBL2163774,Ki,0.02,uM,7.7
CHEMBL1940985,IC50,20.0,nM,7.7
CHEMBL523735,IC50,0.02,uM,7.7
CHEMBL3652549,IC50,20.0,nM,7.7
CHEMBL189343,Ki,0.02,uM,7.7
CHEMBL1076682,Ki,20.0,nM,7.7
CHEMBL495751,IC50,0.02,uM,7.7
CHEMBL186425,Ki,0.02,uM,7.7
CHEMBL365251,Ki,0.02,uM,7.7
CHEMBL186166,Ki,0.02,uM,7.7
CHEMBL26501,IC50,20.0,nM,7.7
CHEMBL50894,IC50,20.0,nM,7.7
CHEMBL263907,IC50,20.0,nM,7.7
CHEMBL2386102,IC50,19.8,nM,7.7
CHEMBL4635680,IC50,0.02,uM,7.7
CHEMBL189459,Ki,0.02,uM,7.7
CHEMBL352222,IC50,20.0,nM,7.7
CHEMBL1081630,Ki,20.0,nM,7.7
CHEMBL4071773,IC50,21.0,nM,7.68
CHEMBL4779478,IC50,20.8,nM,7.68
CHEMBL3736035,IC50,21.0,nM,7.68
CHEMBL407730,IC50,21.0,nM,7.68
CHEMBL3647951,IC50,21.0,nM,7.68
CHEMBL2386095,IC50,21.4,nM,7.67
CHEMBL3091529,IC50,22.0,nM,7.66
CHEMBL4099428,IC50,22.0,nM,7.66
CHEMBL4068965,IC50,22.0,nM,7.66
CHEMBL4789145,IC50,22.0,nM,7.66
CHEMBL4633727,IC50,0.022,uM,7.66
CHEMBL259744,IC50,22.0,nM,7.66
CHEMBL4638321,IC50,0.022,uM,7.66
CHEMBL126077,IC50,22.0,nM,7.66
CHEMBL1087243,IC50,22.0,nM,7.66
CHEMBL2177180,Ki,22.0,nM,7.66
CHEMBL3410105,IC50,22.0,nM,7.66
CHEMBL1091082,IC50,22.0,nM,7.66
CHEMBL4070244,IC50,22.0,nM,7.66
CHEMBL2064532,IC50,0.022,uM,7.66
CHEMBL1834318,IC50,22.0,nM,7.66
CHEMBL4467820,Ki,22.0,nM,7.66
CHEMBL53745,IC50,22.0,nM,7.66
CHEMBL359482,Ki,22.0,nM,7.66
CHEMBL253956,IC50,23.0,nM,7.64
CHEMBL5084461,IC50,0.023,uM,7.64
CHEMBL1682348,Ki,0.023,uM,7.64
CHEMBL1091083,IC50,23.0,nM,7.64
CHEMBL1082176,Ki,23.0,nM,7.64
CHEMBL1081103,Ki,23.0,nM,7.64
CHEMBL4568087,IC50,23.0,nM,7.64
CHEMBL404507,IC50,23.0,nM,7.64
CHEMBL3093050,IC50,23.0,nM,7.64
CHEMBL1081432,Ki,23.0,nM,7.64
CHEMBL296586,IC50,0.023,uM,7.64
CHEMBL4443821,IC50,22.8,nM,7.64
CHEMBL4475312,IC50,0.023,uM,7.64
CHEMBL3401121,IC50,23.0,nM,7.64
CHEMBL4863960,IC50,0.023,uM,7.64
CHEMBL3410108,IC50,24.0,nM,7.62
CHEMBL4760111,IC50,23.8,nM,7.62
CHEMBL552038,Ki,24.0,nM,7.62
CHEMBL3940448,IC50,24.0,nM,7.62
CHEMBL98153,IC50,0.024,microM,7.62
CHEMBL247271,IC50,0.024,uM,7.62
CHEMBL404565,IC50,24.0,nM,7.62
CHEMBL427909,IC50,24.0,nM,7.62
CHEMBL516261,IC50,23.8,nM,7.62
CHEMBL4067737,IC50,24.0,nM,7.62
CHEMBL4090743,IC50,24.0,nM,7.62
CHEMBL3652551,IC50,25.0,nM,7.6
CHEMBL399140,IC50,25.0,nM,7.6
CHEMBL4075525,IC50,25.0,nM,7.6
CHEMBL3093054,IC50,25.0,nM,7.6
CHEMBL2386107,IC50,25.2,nM,7.6
CHEMBL103055,IC50,0.025,uM,7.6
CHEMBL489435,IC50,25.3,nM,7.6
CHEMBL469509,IC50,25.0,nM,7.6
CHEMBL1682351,Ki,0.026,uM,7.58
CHEMBL336179,IC50,0.026,uM,7.58
CHEMBL156379,IC50,26.0,nM,7.58
CHEMBL4792741,IC50,0.026000000000000002,uM,7.58
CHEMBL253748,IC50,26.0,nM,7.58
CHEMBL4076461,IC50,26.0,nM,7.58
CHEMBL3735522,IC50,26.0,nM,7.58
CHEMBL1210236,IC50,0.026,uM,7.58
CHEMBL4756424,IC50,26.3,nM,7.58
CHEMBL111620,IC50,0.026,uM,7.58
CHEMBL4076883,IC50,26.0,nM,7.58
CHEMBL4634867,IC50,0.026,uM,7.58
CHEMBL4795876,IC50,0.026000000000000002,uM,7.58
CHEMBL1957952,IC50,0.026,uM,7.58
CHEMBL4742138,IC50,0.027000000000000003,uM,7.57
CHEMBL251393,IC50,0.027,uM,7.57
CHEMBL3093053,IC50,27.0,nM,7.57
CHEMBL1082236,IC50,0.027,uM,7.57
CHEMBL2206750,IC50,27.1,nM,7.57
CHEMBL3736167,IC50,27.0,nM,7.57
CHEMBL2048668,IC50,27.0,nM,7.57
CHEMBL407003,IC50,27.0,nM,7.57
CHEMBL3091547,IC50,27.0,nM,7.57
CHEMBL2391122,IC50,0.027,uM,7.57
CHEMBL3968891,IC50,27.7,nM,7.56
CHEMBL4787336,IC50,27.7,nM,7.56
CHEMBL599224,IC50,0.028,uM,7.55
CHEMBL470168,IC50,28.0,nM,7.55
CHEMBL160586,IC50,28.0,nM,7.55
CHEMBL1682356,Ki,0.028,uM,7.55
CHEMBL4636306,IC50,0.028,uM,7.55
CHEMBL2391121,IC50,0.029,uM,7.54
CHEMBL4098678,IC50,29.0,nM,7.54
CHEMBL1082011,Ki,30.0,nM,7.52
CHEMBL559559,IC50,0.03,uM,7.52
CHEMBL1081631,Ki,30.0,nM,7.52
CHEMBL329505,IC50,0.03,microM,7.52
CHEMBL405759,IC50,0.03,uM,7.52
CHEMBL258081,IC50,30.0,nM,7.52
CHEMBL3410093,IC50,30.0,nM,7.52
CHEMBL361723,Ki,0.03,uM,7.52
CHEMBL403405,IC50,0.03,uM,7.52
CHEMBL3652547,IC50,30.0,nM,7.52
CHEMBL181959,IC50,0.03,uM,7.52
CHEMBL364197,Ki,0.03,uM,7.52
CHEMBL3661031,IC50,30.0,nM,7.52
CHEMBL3410109,IC50,30.0,nM,7.52
CHEMBL396327,IC50,0.03,uM,7.52
CHEMBL2048675,IC50,30.0,nM,7.52
CHEMBL311228,IC50,30.0,nM,7.52
CHEMBL359963,Ki,0.03,uM,7.52
CHEMBL3647952,IC50,30.0,nM,7.52
CHEMBL3401122,IC50,30.0,nM,7.52
CHEMBL188785,Ki,0.03,uM,7.52
CHEMBL3735967,IC50,31.0,nM,7.51
CHEMBL4633607,IC50,0.031,uM,7.51
CHEMBL1957953,IC50,0.031,uM,7.51
CHEMBL103421,IC50,0.031,uM,7.51
CHEMBL4643095,IC50,0.031,uM,7.51
CHEMBL333829,IC50,0.031,uM,7.51
CHEMBL4873612,IC50,0.031,uM,7.51
CHEMBL1081616,IC50,31.0,nM,7.51
CHEMBL4799661,IC50,31.0,nM,7.51
CHEMBL1834324,IC50,31.0,nM,7.51
CHEMBL1834125,IC50,31.0,nM,7.51
CHEMBL430694,IC50,0.031,uM,7.51
CHEMBL1969664,IC50,31.0,nM,7.51
CHEMBL3919553,IC50,32.0,nM,7.5
CHEMBL2391125,IC50,0.032,uM,7.5
CHEMBL5186025,IC50,32.09,nM,7.49
CHEMBL4641148,IC50,0.033,uM,7.48
CHEMBL1940900,IC50,33.0,nM,7.48
CHEMBL106384,IC50,0.033,uM,7.48
CHEMBL562416,Ki,33.0,nM,7.48
CHEMBL442802,IC50,0.034,uM,7.47
CHEMBL2071201,IC50,34.0,nM,7.47
CHEMBL4648050,IC50,0.034,uM,7.47
CHEMBL340776,IC50,0.034,uM,7.47
CHEMBL4288850,IC50,34.0,nM,7.47
CHEMBL574588,IC50,34.0,nM,7.47
CHEMBL3401130,IC50,35.0,nM,7.46
CHEMBL398621,IC50,0.035,uM,7.46
CHEMBL522751,IC50,34.5,nM,7.46
CHEMBL495039,IC50,35.0,nM,7.46
CHEMBL260243,IC50,35.0,nM,7.46
CHEMBL1081128,IC50,35.0,nM,7.46
CHEMBL574591,IC50,35.0,nM,7.46
CHEMBL301138,IC50,35.0,nM,7.46
CHEMBL574159,IC50,35.0,nM,7.46
CHEMBL2391100,IC50,0.035,uM,7.46
CHEMBL1081278,Ki,35.0,nM,7.46
CHEMBL4536012,IC50,35.0,nM,7.46
CHEMBL2386105,IC50,35.7,nM,7.45
CHEMBL1241659,IC50,0.036,uM,7.44
CHEMBL2064520,IC50,0.036,uM,7.44
CHEMBL1940905,IC50,36.0,nM,7.44
CHEMBL549804,IC50,0.036,uM,7.44
CHEMBL3398203,IC50,36.0,nM,7.44
CHEMBL4875188,IC50,36.0,nM,7.44
CHEMBL260663,IC50,36.0,nM,7.44
CHEMBL392167,IC50,0.037,uM,7.43
CHEMBL324268,IC50,0.037,uM,7.43
CHEMBL4787590,IC50,37.1,nM,7.43
CHEMBL1940906,IC50,37.0,nM,7.43
CHEMBL3410088,IC50,37.0,nM,7.43
CHEMBL4764558,IC50,0.038,uM,7.42
CHEMBL3670690,IC50,38.4,nM,7.42
CHEMBL578628,IC50,38.0,nM,7.42
CHEMBL3093033,IC50,38.0,nM,7.42
CHEMBL4454448,IC50,38.0,nM,7.42
CHEMBL181464,IC50,38.0,nM,7.42
CHEMBL4645145,IC50,0.039,uM,7.41
CHEMBL1079967,Ki,39.0,nM,7.41
CHEMBL3093049,IC50,39.0,nM,7.41
CHEMBL4452444,IC50,0.039,uM,7.41
CHEMBL3735061,IC50,39.0,nM,7.41
CHEMBL2064533,IC50,0.039,uM,7.41
CHEMBL540245,IC50,0.039,uM,7.41
CHEMBL1682345,Ki,0.039,uM,7.41
CHEMBL4785004,IC50,39.3,nM,7.41
CHEMBL260231,IC50,39.0,nM,7.41
CHEMBL562089,IC50,0.04,uM,7.4
CHEMBL434729,Ki,0.04,uM,7.4
CHEMBL5172659,IC50,40.13,nM,7.4
CHEMBL321529,IC50,0.04,uM,7.4
CHEMBL189288,Ki,0.04,uM,7.4
CHEMBL4638292,IC50,0.04,uM,7.4
CHEMBL3969996,IC50,40.0,nM,7.4
CHEMBL2177142,IC50,40.0,nM,7.4
CHEMBL319467,IC50,40.0,nM,7.4
CHEMBL1099276,IC50,40.0,nM,7.4
CHEMBL2386103,IC50,39.7,nM,7.4
CHEMBL191384,IC50,0.04,uM,7.4
CHEMBL1940977,IC50,40.0,nM,7.4
CHEMBL3735459,IC50,40.0,nM,7.4
CHEMBL3736449,IC50,40.0,nM,7.4
CHEMBL4749327,IC50,41.1,nM,7.39
CHEMBL2386099,IC50,41.1,nM,7.39
CHEMBL1099297,IC50,41.0,nM,7.39
CHEMBL3401124,IC50,41.0,nM,7.39
CHEMBL2064536,IC50,0.041,uM,7.39
CHEMBL255905,IC50,41.0,nM,7.39
CHEMBL4746460,IC50,0.040999999999999995,uM,7.39
CHEMBL1087380,IC50,42.0,nM,7.38
CHEMBL584757,IC50,42.0,nM,7.38
CHEMBL4756997,IC50,41.6,nM,7.38
CHEMBL261659,IC50,42.0,nM,7.38
CHEMBL523113,IC50,42.0,nM,7.38
CHEMBL406701,IC50,43.0,nM,7.37
CHEMBL4753347,IC50,42.6,nM,7.37
CHEMBL103628,IC50,0.043,uM,7.37
CHEMBL4514346,IC50,0.043,uM,7.37
CHEMBL4078869,IC50,43.0,nM,7.37
CHEMBL514401,IC50,44.0,nM,7.36
CHEMBL2048667,IC50,44.0,nM,7.36
CHEMBL1081429,Ki,44.0,nM,7.36
CHEMBL562157,Ki,44.0,nM,7.36
CHEMBL1957946,IC50,0.044,uM,7.36
CHEMBL1834323,IC50,44.0,nM,7.36
CHEMBL1082237,IC50,0.044,uM,7.36
CHEMBL3929715,IC50,44.0,nM,7.36
CHEMBL3922494,IC50,44.3,nM,7.35
CHEMBL3735079,IC50,45.0,nM,7.35
CHEMBL109944,IC50,0.045,uM,7.35
CHEMBL4791089,IC50,0.045,uM,7.35
CHEMBL1761791,IC50,45.0,nM,7.35
CHEMBL1834114,IC50,45.0,nM,7.35
CHEMBL1682347,Ki,0.045,uM,7.35
CHEMBL1834117,IC50,45.0,nM,7.35
CHEMBL3735835,IC50,45.0,nM,7.35
CHEMBL3891139,IC50,46.0,nM,7.34
CHEMBL1957958,IC50,0.046,uM,7.34
CHEMBL4078643,IC50,46.0,nM,7.34
CHEMBL2048657,IC50,47.0,nM,7.33
CHEMBL1801633,IC50,0.047,uM,7.33
CHEMBL4741219,IC50,46.7,nM,7.33
CHEMBL4794527,IC50,46.9,nM,7.33
CHEMBL1834118,IC50,47.0,nM,7.33
CHEMBL4564217,IC50,0.047,uM,7.33
CHEMBL4456432,IC50,0.047,uM,7.33
CHEMBL599428,IC50,0.048,uM,7.32
CHEMBL1682354,Ki,0.048,uM,7.32
CHEMBL489845,IC50,48.3,nM,7.32
CHEMBL3652544,IC50,48.0,nM,7.32
CHEMBL337642,IC50,0.048,uM,7.32
CHEMBL564459,Ki,48.0,nM,7.32
CHEMBL1834326,IC50,49.0,nM,7.31
CHEMBL1093079,IC50,49.0,nM,7.31
CHEMBL4761297,IC50,49.2,nM,7.31
CHEMBL402932,IC50,49.0,nM,7.31
CHEMBL4785551,IC50,0.049,uM,7.31
CHEMBL4067909,IC50,49.0,nM,7.31
CHEMBL3960209,IC50,49.0,nM,7.31
CHEMBL368193,IC50,0.049,uM,7.31
CHEMBL4559169,IC50,49.0,nM,7.31
CHEMBL188303,Ki,0.05,uM,7.3
CHEMBL364587,Ki,0.05,uM,7.3
CHEMBL362155,Ki,0.05,uM,7.3
CHEMBL3735779,IC50,0.05,uM,7.3
CHEMBL573257,IC50,50.0,nM,7.3
CHEMBL434158,Ki,0.05,uM,7.3
CHEMBL1682838,IC50,50.1,nM,7.3
CHEMBL189352,Ki,0.05,uM,7.3
CHEMBL365248,Ki,0.05,uM,7.3
CHEMBL189235,Ki,0.05,uM,7.3
CHEMBL380946,IC50,0.05,uM,7.3
CHEMBL1081447,Ki,50.0,nM,7.3
CHEMBL3661029,IC50,50.0,nM,7.3
CHEMBL1957957,IC50,0.05,uM,7.3
CHEMBL1077233,IC50,50.0,nM,7.3
CHEMBL361038,Ki,0.05,uM,7.3
CHEMBL524059,IC50,0.05,uM,7.3
CHEMBL4791286,IC50,51.7,nM,7.29
CHEMBL4089159,IC50,51.0,nM,7.29
CHEMBL3950215,IC50,51.7,nM,7.29
CHEMBL257575,IC50,51.0,nM,7.29
CHEMBL1682849,IC50,51.0,nM,7.29
CHEMBL130774,IC50,0.051,uM,7.29
CHEMBL565205,Ki,51.0,nM,7.29
CHEMBL3091546,IC50,51.0,nM,7.29
CHEMBL1630483,IC50,53.0,nM,7.28
CHEMBL1254896,IC50,53.0,nM,7.28
CHEMBL3735627,IC50,53.0,nM,7.28
CHEMBL3093031,IC50,52.0,nM,7.28
CHEMBL4455711,IC50,53.0,nM,7.28
CHEMBL5178368,IC50,53.0,nM,7.28
CHEMBL158885,IC50,52.0,nM,7.28
CHEMBL369572,IC50,53.0,nM,7.28
CHEMBL576183,IC50,54.0,nM,7.27
CHEMBL470360,IC50,54.0,nM,7.27
CHEMBL401303,IC50,0.054,uM,7.27
CHEMBL1496098,IC50,0.055,uM,7.26
CHEMBL1088618,IC50,0.055,uM,7.26
CHEMBL489410,IC50,55.0,nM,7.26
CHEMBL1089722,IC50,55.0,nM,7.26
CHEMBL1093745,IC50,55.0,nM,7.26
CHEMBL4635900,IC50,0.055,uM,7.26
CHEMBL4082385,IC50,56.0,nM,7.25
CHEMBL2391098,IC50,0.056,uM,7.25
CHEMBL258701,IC50,56.0,nM,7.25
CHEMBL1093390,IC50,56.0,nM,7.25
CHEMBL2386109,IC50,58.2,nM,7.24
CHEMBL2322677,Ki,58.0,nM,7.24
CHEMBL422714,IC50,58.0,nM,7.24
CHEMBL1834329,IC50,57.0,nM,7.24
CHEMBL1080848,Ki,59.0,nM,7.23
CHEMBL345348,IC50,59.0,nM,7.23
CHEMBL4788045,IC50,0.059000000000000004,uM,7.23
CHEMBL4476724,IC50,59.0,nM,7.23
CHEMBL4474740,IC50,0.059,uM,7.23
CHEMBL3545157,IC50,0.06,uM,7.22
CHEMBL252669,IC50,0.06,uM,7.22
CHEMBL4451197,IC50,62.1,nM,7.21
CHEMBL3673984,IC50,61.0,nM,7.21
CHEMBL4798419,IC50,62.2,nM,7.21
CHEMBL1682839,IC50,62.0,nM,7.21
CHEMBL4800403,IC50,62.0,nM,7.21
CHEMBL4741669,IC50,0.062,uM,7.21
CHEMBL4755345,IC50,63.8,nM,7.2
CHEMBL4282154,IC50,63.0,nM,7.2
CHEMBL4777788,IC50,62.6,nM,7.2
CHEMBL1682852,IC50,62.8,nM,7.2
CHEMBL4556527,IC50,63.1,nM,7.2
CHEMBL3398197,IC50,63.5,nM,7.2
CHEMBL4854209,IC50,0.063,uM,7.2
CHEMBL4457096,IC50,64.0,nM,7.19
CHEMBL2064516,IC50,0.065,uM,7.19
CHEMBL3736223,IC50,64.0,nM,7.19
CHEMBL4278287,IC50,65.0,nM,7.19
CHEMBL2177171,Ki,64.0,nM,7.19
CHEMBL557354,IC50,0.065,uM,7.19
CHEMBL456218,IC50,65.0,nM,7.19
CHEMBL110000,IC50,0.065,uM,7.19
CHEMBL4760288,IC50,64.3,nM,7.19
CHEMBL5070887,IC50,64.3,nM,7.19
CHEMBL1834123,IC50,65.0,nM,7.19
CHEMBL594933,IC50,0.064,uM,7.19
CHEMBL4583030,IC50,64.2,nM,7.19
CHEMBL572973,IC50,66.0,nM,7.18
CHEMBL4278686,IC50,66.0,nM,7.18
CHEMBL5088263,IC50,0.066,uM,7.18
CHEMBL2386110,IC50,65.9,nM,7.18
CHEMBL3735796,IC50,67.0,nM,7.17
CHEMBL1940978,IC50,67.0,nM,7.17
CHEMBL552033,Ki,67.0,nM,7.17
CHEMBL4286601,IC50,68.0,nM,7.17
CHEMBL472249,IC50,68.0,nM,7.17
CHEMBL3401114,IC50,67.0,nM,7.17
CHEMBL576165,IC50,69.0,nM,7.16
CHEMBL4576003,IC50,0.069,uM,7.16
CHEMBL2042135,IC50,0.07,uM,7.16
CHEMBL3398201,IC50,69.7,nM,7.16
CHEMBL186288,Ki,0.07,uM,7.16
CHEMBL3736086,IC50,0.07,uM,7.16
CHEMBL4166840,Ki,70.0,nM,7.16
CHEMBL4791065,IC50,69.3,nM,7.16
CHEMBL3093048,IC50,70.0,nM,7.16
CHEMBL4076038,IC50,70.0,nM,7.16
CHEMBL1682352,Ki,0.07,uM,7.16
CHEMBL250509,IC50,70.0,nM,7.16
CHEMBL1682353,Ki,0.07,uM,7.16
CHEMBL345801,IC50,70.0,nM,7.16
CHEMBL347681,IC50,71.0,nM,7.15
CHEMBL4467668,IC50,71.0,nM,7.15
CHEMBL4749972,IC50,70.4,nM,7.15
CHEMBL1940988,IC50,71.0,nM,7.15
CHEMBL106061,IC50,0.071,uM,7.15
CHEMBL4849247,IC50,0.071,uM,7.15
CHEMBL4571942,IC50,73.0,nM,7.14
CHEMBL4466208,IC50,0.072,uM,7.14
CHEMBL4787169,IC50,71.6,nM,7.14
CHEMBL572793,IC50,72.0,nM,7.14
CHEMBL3828321,IC50,72.0,nM,7.14
CHEMBL4796602,IC50,72.0,nM,7.14
CHEMBL3735246,IC50,72.0,nM,7.14
CHEMBL4761372,IC50,71.6,nM,7.14
CHEMBL5184987,IC50,72.0,nM,7.14
CHEMBL402435,IC50,73.0,nM,7.14
CHEMBL549536,Ki,73.0,nM,7.14
CHEMBL3398200,IC50,73.6,nM,7.13
CHEMBL2177178,Ki,74.0,nM,7.13
CHEMBL3410100,IC50,74.0,nM,7.13
CHEMBL2181999,Ki,74.0,nM,7.13
CHEMBL573486,IC50,74.0,nM,7.13
CHEMBL345212,IC50,74.0,nM,7.13
CHEMBL4763674,IC50,73.2,nM,7.13
CHEMBL3398195,IC50,74.1,nM,7.13
CHEMBL1086638,IC50,0.076,uM,7.12
CHEMBL156987,IC50,76.0,nM,7.12
CHEMBL4100141,IC50,76.0,nM,7.12
CHEMBL3828131,IC50,76.0,nM,7.12
CHEMBL1834325,IC50,75.0,nM,7.12
CHEMBL257577,IC50,75.0,nM,7.12
CHEMBL2391119,IC50,0.075,uM,7.12
CHEMBL328194,IC50,0.075,microM,7.12
CHEMBL259270,IC50,75.0,nM,7.12
CHEMBL582853,IC50,77.0,nM,7.11
CHEMBL3091530,IC50,77.0,nM,7.11
CHEMBL4865061,IC50,0.077,uM,7.11
CHEMBL4522289,IC50,77.1,nM,7.11
CHEMBL159149,IC50,79.0,nM,7.1
CHEMBL4787924,IC50,79.1,nM,7.1
CHEMBL4797405,IC50,79.5,nM,7.1
CHEMBL99037,IC50,0.08,microM,7.1
CHEMBL233553,IC50,0.08,uM,7.1
CHEMBL3828240,IC50,80.0,nM,7.1
CHEMBL440411,IC50,80.0,nM,7.1
CHEMBL4854572,IC50,0.079,uM,7.1
CHEMBL1098938,IC50,80.0,nM,7.1
CHEMBL180593,Ki,0.08,uM,7.1
CHEMBL4867249,IC50,0.079,uM,7.1
CHEMBL361567,IC50,0.08,uM,7.1
CHEMBL4461695,IC50,0.079,uM,7.1
CHEMBL1230607,IC50,0.079,uM,7.1
CHEMBL3647957,IC50,80.0,nM,7.1
CHEMBL4089331,IC50,80.0,nM,7.1
CHEMBL564006,IC50,0.08,uM,7.1
CHEMBL513354,IC50,0.079,uM,7.1
CHEMBL576540,IC50,81.0,nM,7.09
CHEMBL345800,IC50,82.0,nM,7.09
CHEMBL4754192,IC50,80.7,nM,7.09
CHEMBL513752,IC50,81.0,nM,7.09
CHEMBL4635819,IC50,0.082,uM,7.09
CHEMBL567958,IC50,80.5,nM,7.09
CHEMBL4857955,IC50,0.081,uM,7.09
CHEMBL4557420,IC50,0.082,uM,7.09
CHEMBL2391099,IC50,0.083,uM,7.08
CHEMBL2391132,IC50,0.084,uM,7.08
CHEMBL4777926,IC50,83.9,nM,7.08
CHEMBL4749204,IC50,83.1,nM,7.08
CHEMBL2386104,IC50,82.3,nM,7.08
CHEMBL4550702,IC50,84.0,nM,7.08
CHEMBL1682848,IC50,84.1,nM,7.08
CHEMBL346721,IC50,83.0,nM,7.08
CHEMBL4285581,IC50,83.0,nM,7.08
CHEMBL2391120,IC50,0.086,uM,7.07
CHEMBL349810,IC50,85.0,nM,7.07
CHEMBL3926696,IC50,84.8,nM,7.07
CHEMBL4447545,IC50,0.086,uM,7.07
CHEMBL2064518,IC50,0.086,uM,7.07
CHEMBL1086601,Ki,87.0,nM,7.06
CHEMBL261881,IC50,87.0,nM,7.06
CHEMBL4747194,IC50,0.087,uM,7.06
CHEMBL4286578,IC50,87.0,nM,7.06
CHEMBL2177179,Ki,90.0,nM,7.05
CHEMBL3093043,IC50,90.0,nM,7.05
CHEMBL1830064,IC50,0.09,uM,7.05
CHEMBL293542,IC50,90.0,nM,7.05
CHEMBL3410103,IC50,90.0,nM,7.05
CHEMBL489043,IC50,88.7,nM,7.05
CHEMBL4641587,IC50,0.09,uM,7.05
CHEMBL2391129,IC50,0.09,uM,7.05
CHEMBL347134,IC50,91.0,nM,7.04
CHEMBL4062453,IC50,91.0,nM,7.04
CHEMBL1682350,Ki,0.091,uM,7.04
CHEMBL4451444,IC50,0.091,uM,7.04
CHEMBL402969,IC50,92.0,nM,7.04
CHEMBL469736,IC50,91.0,nM,7.04
CHEMBL570580,IC50,0.092,microM,7.04
CHEMBL3827219,IC50,92.0,nM,7.04
CHEMBL4753478,IC50,0.094,uM,7.03
CHEMBL470566,IC50,94.0,nM,7.03
CHEMBL574601,IC50,94.0,nM,7.03
CHEMBL4758531,IC50,92.8,nM,7.03
CHEMBL160333,IC50,94.0,nM,7.03
CHEMBL1086639,IC50,0.094,uM,7.03
CHEMBL157258,IC50,93.0,nM,7.03
CHEMBL4641105,IC50,0.094,uM,7.03
CHEMBL4873162,IC50,0.095,uM,7.02
CHEMBL3949162,IC50,97.0,nM,7.01
CHEMBL2203555,IC50,0.098,uM,7.01
CHEMBL4751968,IC50,98.0,nM,7.01
CHEMBL1077243,IC50,98.0,nM,7.01
CHEMBL1824331,IC50,98.0,nM,7.01
CHEMBL4293418,IC50,98.0,nM,7.01
CHEMBL4866150,IC50,0.09699999999999999,uM,7.01
CHEMBL1834119,IC50,100.0,nM,7.0
CHEMBL4278164,IC50,99.0,nM,7.0
CHEMBL261366,IC50,99.0,nM,7.0
CHEMBL402367,IC50,0.1,uM,7.0
CHEMBL261690,IC50,99.0,nM,7.0
CHEMBL4460515,IC50,0.099,uM,7.0
CHEMBL1164526,IC50,0.1,uM,7.0
CHEMBL188312,Ki,0.1,uM,7.0
CHEMBL197077,IC50,0.1,uM,7.0
CHEMBL4085289,IC50,0.1,uM,7.0
CHEMBL325353,IC50,0.1,uM,7.0
CHEMBL186010,Ki,0.1,uM,7.0
CHEMBL572779,IC50,100.0,nM,7.0
CHEMBL1081430,Ki,99.0,nM,7.0
CHEMBL319373,IC50,0.1,microM,7.0
CHEMBL113272,IC50,0.1,uM,7.0
CHEMBL4569903,IC50,103.0,nM,6.99
CHEMBL4781117,IC50,103.6,nM,6.99
CHEMBL2205426,Ki,102.0,nM,6.99
CHEMBL404175,IC50,105.0,nM,6.98
CHEMBL4782211,IC50,104.9,nM,6.98
CHEMBL3398192,IC50,105.4,nM,6.98
CHEMBL259850,IC50,104.0,nM,6.98
CHEMBL346066,IC50,104.0,nM,6.98
CHEMBL3828609,IC50,105.0,nM,6.98
CHEMBL3827727,IC50,107.0,nM,6.97
CHEMBL2377825,IC50,107.0,nM,6.97
CHEMBL160876,IC50,109.0,nM,6.96
CHEMBL379218,Ki,110.0,nM,6.96
CHEMBL319265,IC50,0.11,uM,6.96
CHEMBL349540,IC50,110.0,nM,6.96
CHEMBL573007,IC50,110.0,nM,6.96
CHEMBL4455512,IC50,110.0,nM,6.96
CHEMBL1824333,IC50,0.11,uM,6.96
CHEMBL4075801,IC50,110.0,nM,6.96
CHEMBL4074938,IC50,0.111,uM,6.96
CHEMBL1276317,IC50,0.11,uM,6.96
CHEMBL361948,IC50,111.0,nM,6.96
CHEMBL1957951,IC50,0.11,uM,6.96
CHEMBL1834121,IC50,110.0,nM,6.96
CHEMBL1081070,Ki,110.0,nM,6.96
CHEMBL5202351,IC50,0.11199999999999999,uM,6.95
CHEMBL3736215,IC50,112.0,nM,6.95
CHEMBL561834,Ki,113.0,nM,6.95
CHEMBL1630446,IC50,113.0,nM,6.95
CHEMBL2386275,IC50,114.0,nM,6.94
CHEMBL1682853,IC50,115.0,nM,6.94
CHEMBL4761239,IC50,114.4,nM,6.94
CHEMBL156277,IC50,114.0,nM,6.94
CHEMBL2386098,IC50,116.0,nM,6.94
CHEMBL4755365,IC50,0.11699999999999999,uM,6.93
CHEMBL4790926,IC50,0.11699999999999999,uM,6.93
CHEMBL4457174,IC50,0.117,uM,6.93
CHEMBL2177170,Ki,120.0,nM,6.92
CHEMBL185871,Ki,0.12,uM,6.92
CHEMBL188417,Ki,0.12,uM,6.92
CHEMBL2297166,IC50,0.12,umol/L,6.92
CHEMBL1682555,Ki,0.121,uM,6.92
CHEMBL323657,IC50,0.12,uM,6.92
CHEMBL186606,Ki,0.12,uM,6.92
CHEMBL4644518,IC50,0.12,uM,6.92
CHEMBL1081431,Ki,120.0,nM,6.92
CHEMBL3398204,IC50,120.6,nM,6.92
CHEMBL3827511,IC50,122.0,nM,6.91
CHEMBL552500,Ki,124.0,nM,6.91
CHEMBL155680,IC50,123.0,nM,6.91
CHEMBL4647289,IC50,0.122,uM,6.91
CHEMBL3828624,IC50,124.0,nM,6.91
CHEMBL2391126,IC50,0.127,uM,6.9
CHEMBL4857680,IC50,0.126,uM,6.9
CHEMBL4472042,IC50,127.0,nM,6.9
CHEMBL562415,Ki,126.0,nM,6.9
CHEMBL406620,IC50,125.0,nM,6.9
CHEMBL2386111,IC50,127.0,nM,6.9
CHEMBL4566059,IC50,126.0,nM,6.9
CHEMBL403385,IC50,125.0,nM,6.9
CHEMBL5074629,IC50,0.13,uM,6.89
CHEMBL183077,IC50,0.13,uM,6.89
CHEMBL4519014,IC50,128.0,nM,6.89
CHEMBL3735579,IC50,0.13,uM,6.89
CHEMBL317964,IC50,0.13,microM,6.89
CHEMBL573267,IC50,130.0,nM,6.89
CHEMBL2064539,IC50,0.129,uM,6.89
CHEMBL4634672,IC50,0.13,uM,6.89
CHEMBL2062563,IC50,0.13,uM,6.89
CHEMBL398622,IC50,0.13,uM,6.89
CHEMBL4633141,IC50,0.13,uM,6.89
CHEMBL3919644,IC50,129.0,nM,6.89
CHEMBL3093051,IC50,130.0,nM,6.89
CHEMBL2064517,IC50,0.13,uM,6.89
CHEMBL4546384,IC50,0.13,uM,6.89
CHEMBL4473730,IC50,133.0,nM,6.88
CHEMBL158719,IC50,131.0,nM,6.88
CHEMBL1682847,IC50,133.0,nM,6.88
CHEMBL4749678,IC50,130.4,nM,6.88
CHEMBL3827901,IC50,131.0,nM,6.88
CHEMBL4561291,IC50,132.0,nM,6.88
CHEMBL5071096,IC50,0.132,uM,6.88
CHEMBL4750284,IC50,132.4,nM,6.88
CHEMBL3828098,IC50,135.0,nM,6.87
CHEMBL4574237,IC50,136.0,nM,6.87
CHEMBL3828006,IC50,134.0,nM,6.87
CHEMBL350702,IC50,136.0,nM,6.87
CHEMBL131035,IC50,0.136,uM,6.87
CHEMBL3699443,IC50,134.0,nM,6.87
CHEMBL345364,IC50,134.0,nM,6.87
CHEMBL157089,IC50,139.0,nM,6.86
CHEMBL494089,IC50,138.0,nM,6.86
CHEMBL334555,IC50,0.138,uM,6.86
CHEMBL1288549,IC50,138.0,nM,6.86
CHEMBL101804,IC50,141.0,nM,6.85
CHEMBL3989870,Ki,140.0,nM,6.85
CHEMBL3632824,IC50,140.0,nM,6.85
CHEMBL3410112,IC50,140.0,nM,6.85
CHEMBL575021,IC50,140.0,nM,6.85
CHEMBL261720,IC50,140.0,nM,6.85
CHEMBL1940984,IC50,140.0,nM,6.85
CHEMBL1682540,Ki,0.141,uM,6.85
CHEMBL346371,IC50,141.0,nM,6.85
CHEMBL326688,IC50,0.14,uM,6.85
CHEMBL1957945,IC50,0.14,uM,6.85
CHEMBL402560,IC50,0.14,uM,6.85
CHEMBL561066,IC50,0.14,uM,6.85
CHEMBL157348,IC50,142.0,nM,6.85
CHEMBL160251,IC50,143.0,nM,6.84
CHEMBL3827702,IC50,145.0,nM,6.84
CHEMBL524266,IC50,0.146,uM,6.84
CHEMBL4846517,IC50,0.14400000000000002,uM,6.84
CHEMBL3894571,IC50,143.0,nM,6.84
CHEMBL347857,IC50,149.0,nM,6.83
CHEMBL2386274,IC50,148.0,nM,6.83
CHEMBL3827726,IC50,148.0,nM,6.83
CHEMBL4515584,IC50,148.0,nM,6.83
CHEMBL1092802,IC50,149.0,nM,6.83
CHEMBL346996,IC50,152.0,nM,6.82
CHEMBL2390958,IC50,0.153,uM,6.82
CHEMBL257188,IC50,0.15,uM,6.82
CHEMBL4552628,IC50,150.0,nM,6.82
CHEMBL4637462,IC50,0.153,uM,6.82
CHEMBL3093052,IC50,150.0,nM,6.82
CHEMBL185910,Ki,0.15,uM,6.82
CHEMBL3827844,IC50,151.0,nM,6.82
CHEMBL157141,IC50,152.0,nM,6.82
CHEMBL1773425,IC50,152.0,nM,6.82
CHEMBL4853675,IC50,0.152,uM,6.82
CHEMBL189415,Ki,0.15,uM,6.82
CHEMBL4649363,IC50,0.15,uM,6.82
CHEMBL189617,Ki,0.15,uM,6.82
CHEMBL1940982,IC50,150.0,nM,6.82
CHEMBL253272,IC50,0.15,uM,6.82
CHEMBL4648941,IC50,0.15,uM,6.82
CHEMBL368416,IC50,0.15,uM,6.82
CHEMBL158208,IC50,156.0,nM,6.81
CHEMBL3398191,IC50,154.1,nM,6.81
CHEMBL4474153,IC50,0.1554,uM,6.81
CHEMBL4476843,IC50,156.0,nM,6.81
CHEMBL5180456,IC50,0.155,uM,6.81
CHEMBL1834316,IC50,160.0,nM,6.8
CHEMBL388978,IC50,0.16,uM,6.8
CHEMBL557273,IC50,0.16,uM,6.8
CHEMBL3398196,IC50,159.3,nM,6.8
CHEMBL3828407,IC50,157.0,nM,6.8
CHEMBL3827895,IC50,157.0,nM,6.8
CHEMBL4781618,IC50,0.16,uM,6.8
CHEMBL1834328,IC50,160.0,nM,6.8
CHEMBL573933,IC50,160.0,nM,6.8
CHEMBL4872690,IC50,0.157,uM,6.8
CHEMBL596290,IC50,0.16,uM,6.8
CHEMBL2391133,IC50,0.164,uM,6.79
CHEMBL156153,IC50,161.0,nM,6.79
CHEMBL2391128,IC50,0.164,uM,6.79
CHEMBL4870746,IC50,0.16399999999999998,uM,6.79
CHEMBL156563,IC50,161.0,nM,6.79
CHEMBL4759230,IC50,165.3,nM,6.78
CHEMBL2064519,IC50,0.166,uM,6.78
CHEMBL4472601,IC50,167.0,nM,6.78
CHEMBL360534,IC50,0.17,uM,6.77
CHEMBL1210406,IC50,0.169,uM,6.77
CHEMBL4647915,IC50,0.17,uM,6.77
CHEMBL254350,IC50,169.0,nM,6.77
CHEMBL4446355,IC50,170.0,nM,6.77
CHEMBL549322,Ki,171.0,nM,6.77
CHEMBL406062,IC50,169.0,nM,6.77
CHEMBL3828350,IC50,173.0,nM,6.76
CHEMBL2064522,IC50,0.172,uM,6.76
CHEMBL355496,IC50,0.174,uM,6.76
CHEMBL156684,IC50,173.0,nM,6.76
CHEMBL3933780,IC50,180.0,nM,6.75
CHEMBL573192,IC50,180.0,nM,6.75
CHEMBL4285481,IC50,180.0,nM,6.75
CHEMBL2064531,IC50,0.176,uM,6.75
CHEMBL490860,IC50,180.0,nM,6.75
CHEMBL251601,IC50,0.18,uM,6.75
CHEMBL253740,IC50,0.18,uM,6.75
CHEMBL1940251,IC50,180.0,nM,6.75
CHEMBL2391131,IC50,0.176,uM,6.75
CHEMBL1940983,IC50,180.0,nM,6.75
CHEMBL3828150,IC50,184.0,nM,6.74
CHEMBL489407,IC50,184.0,nM,6.74
CHEMBL4458096,IC50,183.0,nM,6.74
CHEMBL3398193,IC50,188.0,nM,6.73
CHEMBL347632,IC50,186.0,nM,6.73
CHEMBL160585,IC50,187.0,nM,6.73
CHEMBL2064535,IC50,0.185,uM,6.73
CHEMBL4167265,Ki,190.0,nM,6.72
CHEMBL3828114,IC50,190.0,nM,6.72
CHEMBL1834120,IC50,190.0,nM,6.72
CHEMBL4632671,IC50,0.19,uM,6.72
CHEMBL1099296,IC50,190.0,nM,6.72
CHEMBL203407,IC50,0.19,uM,6.72
CHEMBL575882,IC50,190.0,nM,6.72
CHEMBL7463,IC50,0.19,uM,6.72
CHEMBL183993,Ki,0.19,uM,6.72
CHEMBL187139,Ki,0.19,uM,6.72
CHEMBL4783062,IC50,0.19,uM,6.72
CHEMBL156506,IC50,195.0,nM,6.71
CHEMBL3983434,IC50,195.0,nM,6.71
CHEMBL346493,IC50,195.0,nM,6.71
CHEMBL2391117,IC50,0.195,uM,6.71
CHEMBL4749550,IC50,0.193,uM,6.71
CHEMBL1086640,IC50,0.195,uM,6.71
CHEMBL1682349,Ki,0.197,uM,6.71
CHEMBL175956,IC50,0.2,uM,6.7
CHEMBL4535643,IC50,199.0,nM,6.7
CHEMBL216543,IC50,200.0,nM,6.7
CHEMBL513040,IC50,200.0,nM,6.7
CHEMBL318471,IC50,0.2,microM,6.7
CHEMBL4872945,IC50,0.2,uM,6.7
CHEMBL495545,IC50,0.2,uM,6.7
CHEMBL3093047,IC50,200.0,nM,6.7
CHEMBL3652546,IC50,200.0,nM,6.7
CHEMBL569998,IC50,0.2,uM,6.7
CHEMBL102714,EC50,0.2,uM,6.7
CHEMBL404174,IC50,198.0,nM,6.7
CHEMBL1086780,IC50,0.198,uM,6.7
CHEMBL573480,IC50,200.0,nM,6.7
CHEMBL3661030,IC50,200.0,nM,6.7
CHEMBL4637474,IC50,0.2,uM,6.7
CHEMBL578427,IC50,200.0,nM,6.7
CHEMBL4632696,IC50,0.199,uM,6.7
CHEMBL3736164,IC50,200.0,nM,6.7
CHEMBL3398205,IC50,199.7,nM,6.7
CHEMBL2386101,IC50,202.0,nM,6.7
CHEMBL1080376,Ki,200.0,nM,6.7
CHEMBL4851865,IC50,0.198,uM,6.7
CHEMBL3398194,IC50,204.1,nM,6.69
CHEMBL3828491,IC50,205.0,nM,6.69
CHEMBL158526,IC50,203.0,nM,6.69
CHEMBL3914252,IC50,210.0,nM,6.68
CHEMBL596583,IC50,0.21,uM,6.68
CHEMBL3735730,IC50,210.0,nM,6.68
CHEMBL3699445,IC50,208.0,nM,6.68
CHEMBL3736600,IC50,210.0,nM,6.68
CHEMBL456219,IC50,210.0,nM,6.68
CHEMBL3735500,IC50,0.21,uM,6.68
CHEMBL1079295,Ki,0.21,uM,6.68
CHEMBL573487,IC50,210.0,nM,6.68
CHEMBL4453941,Ki,210.0,nM,6.68
CHEMBL4636075,IC50,0.21,uM,6.68
CHEMBL1630467,IC50,209.0,nM,6.68
CHEMBL4793858,IC50,0.21600000000000003,uM,6.67
CHEMBL551634,Ki,216.0,nM,6.67
CHEMBL4434855,IC50,215.0,nM,6.67
CHEMBL318522,IC50,215.0,nM,6.67
CHEMBL1630442,IC50,214.0,nM,6.67
CHEMBL2180881,IC50,215.0,nM,6.67
CHEMBL347647,IC50,216.0,nM,6.67
CHEMBL156263,IC50,216.0,nM,6.67
CHEMBL156218,IC50,214.0,nM,6.67
CHEMBL225519,IC50,220.0,nM,6.66
CHEMBL1080933,IC50,220.0,nM,6.66
CHEMBL470565,IC50,220.0,nM,6.66
CHEMBL4578996,IC50,219.0,nM,6.66
CHEMBL4568120,IC50,218.0,nM,6.66
CHEMBL2386747,IC50,221.0,nM,6.66
CHEMBL340259,IC50,0.22,uM,6.66
CHEMBL4557360,IC50,220.0,nM,6.66
CHEMBL593374,IC50,0.22,uM,6.66
CHEMBL4569508,IC50,220.0,nM,6.66
CHEMBL185922,IC50,0.219,uM,6.66
CHEMBL4077867,IC50,220.0,nM,6.66
CHEMBL520147,IC50,223.0,nM,6.65
CHEMBL2391130,IC50,0.225,uM,6.65
CHEMBL3734956,IC50,0.23,uM,6.64
CHEMBL494221,Ki,230.0,nM,6.64
CHEMBL3735291,IC50,0.23,uM,6.64
CHEMBL257370,IC50,230.0,nM,6.64
CHEMBL2064628,IC50,227.0,nM,6.64
CHEMBL4546015,IC50,229.0,nM,6.64
CHEMBL4864059,IC50,0.231,uM,6.64
CHEMBL2391123,IC50,0.234,uM,6.63
CHEMBL3673983,IC50,232.0,nM,6.63
CHEMBL1682840,IC50,233.0,nM,6.63
CHEMBL4589431,IC50,236.0,nM,6.63
CHEMBL2064537,IC50,0.233,uM,6.63
CHEMBL261883,IC50,234.0,nM,6.63
CHEMBL158559,IC50,236.0,nM,6.63
CHEMBL4450851,IC50,0.2329,uM,6.63
CHEMBL491064,IC50,235.0,nM,6.63
CHEMBL3410099,IC50,240.0,nM,6.62
CHEMBL260329,IC50,241.0,nM,6.62
CHEMBL182007,IC50,0.24,uM,6.62
CHEMBL4746403,IC50,239.3,nM,6.62
CHEMBL4550261,IC50,240.0,nM,6.62
CHEMBL3110144,IC50,0.24,uM,6.62
CHEMBL323944,IC50,0.24,uM,6.62
CHEMBL334084,IC50,0.24,microM,6.62
CHEMBL4788108,IC50,242.7,nM,6.62
CHEMBL1078929,Ki,0.24,uM,6.62
CHEMBL4868956,IC50,0.244,uM,6.61
CHEMBL160598,IC50,243.0,nM,6.61
CHEMBL1630466,IC50,247.0,nM,6.61
CHEMBL248219,IC50,0.247,uM,6.61
CHEMBL523435,IC50,247.0,nM,6.61
CHEMBL4462530,IC50,0.247,uM,6.61
CHEMBL3961252,IC50,248.0,nM,6.61
CHEMBL1940908,IC50,250.0,nM,6.6
CHEMBL260135,IC50,250.0,nM,6.6
CHEMBL3735962,IC50,0.25,uM,6.6
CHEMBL233149,IC50,0.25,uM,6.6
CHEMBL1940904,IC50,250.0,nM,6.6
CHEMBL155931,IC50,251.0,nM,6.6
CHEMBL2062581,IC50,0.25,uM,6.6
CHEMBL1080377,Ki,250.0,nM,6.6
CHEMBL160231,IC50,259.0,nM,6.59
CHEMBL346829,IC50,257.0,nM,6.59
CHEMBL571486,Ki,259.0,nM,6.59
CHEMBL1086781,IC50,0.26,uM,6.58
CHEMBL1682346,Ki,0.265,uM,6.58
CHEMBL522760,IC50,260.0,nM,6.58
CHEMBL1630445,IC50,263.0,nM,6.58
CHEMBL4228654,IC50,0.26,uM,6.58
CHEMBL4456961,IC50,0.265,uM,6.58
CHEMBL596072,IC50,0.26,uM,6.58
CHEMBL4759253,IC50,0.261,uM,6.58
CHEMBL558512,IC50,0.26,uM,6.58
CHEMBL3735613,IC50,260.0,nM,6.58
CHEMBL4452731,IC50,0.26,uM,6.58
CHEMBL1092134,IC50,270.0,nM,6.57
CHEMBL4639781,IC50,0.27,uM,6.57
CHEMBL1834320,IC50,270.0,nM,6.57
CHEMBL4293305,IC50,270.0,nM,6.57
CHEMBL572560,IC50,270.0,nM,6.57
CHEMBL3735154,IC50,0.27,uM,6.57
CHEMBL1088154,Ki,270.0,nM,6.57
CHEMBL3091673,IC50,272.0,nM,6.57
CHEMBL366668,IC50,0.27,uM,6.57
CHEMBL256517,IC50,281.0,nM,6.55
CHEMBL578861,IC50,280.0,nM,6.55
CHEMBL4865615,IC50,0.27899999999999997,uM,6.55
CHEMBL4796925,IC50,282.9,nM,6.55
CHEMBL594755,IC50,0.28,uM,6.55
CHEMBL594523,IC50,0.28,uM,6.55
CHEMBL470567,IC50,280.0,nM,6.55
CHEMBL326705,IC50,0.28,uM,6.55
CHEMBL255948,IC50,279.0,nM,6.55
CHEMBL197226,IC50,0.28,uM,6.55
CHEMBL4176856,IC50,0.28,uM,6.55
CHEMBL1682545,Ki,0.289,uM,6.54
CHEMBL4100748,IC50,0.29,uM,6.54
CHEMBL288448,IC50,291.0,nM,6.54
CHEMBL348505,IC50,291.0,nM,6.54
CHEMBL1834115,IC50,290.0,nM,6.54
CHEMBL1078930,Ki,0.29,uM,6.54
CHEMBL3827240,IC50,293.0,nM,6.53
CHEMBL369316,IC50,297.0,nM,6.53
CHEMBL4777312,IC50,294.7,nM,6.53
CHEMBL1098316,IC50,303.0,nM,6.52
CHEMBL3661032,IC50,300.0,nM,6.52
CHEMBL2182000,Ki,300.0,nM,6.52
CHEMBL5175467,IC50,304.0,nM,6.52
CHEMBL461139,IC50,0.3,uM,6.52
CHEMBL3734895,IC50,300.0,nM,6.52
CHEMBL2024373,IC50,0.3,uM,6.52
CHEMBL3652548,IC50,300.0,nM,6.52
CHEMBL351356,IC50,301.0,nM,6.52
CHEMBL4851835,IC50,0.305,uM,6.52
CHEMBL2022413,IC50,0.3,uM,6.52
CHEMBL2022415,IC50,0.3,uM,6.52
CHEMBL593813,IC50,0.3,uM,6.52
CHEMBL383104,IC50,0.3,uM,6.52
CHEMBL569046,IC50,0.31,uM,6.51
CHEMBL5170524,IC50,0.31,uM,6.51
CHEMBL3734985,IC50,0.31,uM,6.51
CHEMBL550825,Ki,312.0,nM,6.51
CHEMBL250145,IC50,0.31,uM,6.51
CHEMBL4572532,IC50,308.0,nM,6.51
CHEMBL184656,Ki,0.31,uM,6.51
CHEMBL4646272,IC50,0.31,uM,6.51
CHEMBL1098939,IC50,310.0,nM,6.51
CHEMBL3647953,IC50,310.0,nM,6.51
CHEMBL550925,IC50,0.31,uM,6.51
CHEMBL4561377,IC50,320.0,nM,6.5
CHEMBL4633926,IC50,0.32,uM,6.5
CHEMBL4474810,IC50,315.0,nM,6.5
CHEMBL251886,IC50,0.32,uM,6.5
CHEMBL156808,IC50,317.0,nM,6.5
CHEMBL491859,IC50,314.0,nM,6.5
CHEMBL362030,IC50,0.316,uM,6.5
CHEMBL182891,IC50,0.32,uM,6.5
CHEMBL5089614,IC50,0.319,uM,6.5
CHEMBL3736599,IC50,320.0,nM,6.5
CHEMBL2064515,IC50,0.316,uM,6.5
CHEMBL1630486,IC50,314.0,nM,6.5
CHEMBL3735621,IC50,0.32,uM,6.5
CHEMBL260929,IC50,320.0,nM,6.5
CHEMBL3398198,IC50,327.4,nM,6.49
CHEMBL1630451,IC50,325.0,nM,6.49
CHEMBL2103840,IC50,324.0,nM,6.49
CHEMBL2158866,IC50,330.0,nM,6.48
CHEMBL3735529,IC50,0.33,uM,6.48
CHEMBL260928,IC50,329.0,nM,6.48
CHEMBL451857,IC50,330.0,nM,6.48
CHEMBL5078303,IC50,0.33,uM,6.48
CHEMBL1940252,IC50,340.0,nM,6.47
CHEMBL470380,IC50,340.0,nM,6.47
CHEMBL4526685,IC50,338.0,nM,6.47
CHEMBL561421,Ki,338.0,nM,6.47
CHEMBL155967,IC50,337.0,nM,6.47
CHEMBL490044,IC50,335.0,nM,6.47
CHEMBL4514599,IC50,0.3479,uM,6.46
CHEMBL3736216,IC50,0.35,uM,6.46
CHEMBL3736462,IC50,0.35,uM,6.46
CHEMBL427726,IC50,0.35,uM,6.46
CHEMBL1086734,IC50,350.0,nM,6.46
CHEMBL1082235,IC50,0.354,uM,6.45
CHEMBL264162,IC50,356.0,nM,6.45
CHEMBL3943352,IC50,0.356,uM,6.45
CHEMBL597754,IC50,0.358,uM,6.45
CHEMBL4439815,IC50,0.354,uM,6.45
CHEMBL4529679,IC50,0.352,uM,6.45
CHEMBL4787876,IC50,0.35600000000000004,uM,6.45
CHEMBL1210310,IC50,0.365,uM,6.44
CHEMBL3736476,IC50,360.0,nM,6.44
CHEMBL4520113,IC50,363.0,nM,6.44
CHEMBL4632910,IC50,0.36,uM,6.44
CHEMBL3734924,IC50,360.0,nM,6.44
CHEMBL3099832,IC50,0.36,uM,6.44
CHEMBL3734911,IC50,0.36,uM,6.44
CHEMBL4458206,IC50,372.0,nM,6.43
CHEMBL2177172,Ki,370.0,nM,6.43
CHEMBL178945,IC50,0.37,uM,6.43
CHEMBL1099290,IC50,375.0,nM,6.43
CHEMBL4861930,IC50,370.0,nM,6.43
CHEMBL160937,IC50,374.0,nM,6.43
CHEMBL3099835,IC50,0.38,uM,6.42
CHEMBL261882,IC50,383.0,nM,6.42
CHEMBL322970,IC50,0.38,uM,6.42
CHEMBL3828571,IC50,379.0,nM,6.42
CHEMBL1802358,IC50,0.38,uM,6.42
CHEMBL1079294,Ki,0.38,uM,6.42
CHEMBL158835,IC50,392.0,nM,6.41
CHEMBL5086422,IC50,0.38799999999999996,uM,6.41
CHEMBL4643895,IC50,0.39,uM,6.41
CHEMBL3298823,IC50,0.386,uM,6.41
CHEMBL1079040,Ki,0.39,uM,6.41
CHEMBL288064,IC50,0.39,uM,6.41
CHEMBL156807,IC50,390.0,nM,6.41
CHEMBL4873680,IC50,0.4,uM,6.4
CHEMBL4435922,IC50,395.0,nM,6.4
CHEMBL308293,IC50,0.4,uM,6.4
CHEMBL3735837,IC50,0.4,uM,6.4
CHEMBL1098944,IC50,400.0,nM,6.4
CHEMBL318208,IC50,0.4,microM,6.4
CHEMBL4249925,Ki,400.0,nM,6.4
CHEMBL3736399,IC50,0.4,uM,6.4
CHEMBL131254,IC50,0.403,uM,6.39
CHEMBL2386100,IC50,404.0,nM,6.39
CHEMBL4452888,IC50,405.0,nM,6.39
CHEMBL251196,IC50,0.41,uM,6.39
CHEMBL402228,IC50,0.41,uM,6.39
CHEMBL3828352,IC50,406.0,nM,6.39
CHEMBL347419,IC50,407.0,nM,6.39
CHEMBL5081810,IC50,0.408,uM,6.39
CHEMBL434484,IC50,404.0,nM,6.39
CHEMBL321421,IC50,0.41,uM,6.39
CHEMBL5186093,IC50,418.0,nM,6.38
CHEMBL4751581,IC50,0.42100000000000004,uM,6.38
CHEMBL4455516,IC50,418.0,nM,6.38
CHEMBL250369,IC50,0.42,uM,6.38
CHEMBL4758751,IC50,0.41200000000000003,uM,6.38
CHEMBL407958,IC50,415.0,nM,6.38
CHEMBL3091532,IC50,430.0,nM,6.37
CHEMBL4449570,IC50,428.0,nM,6.37
CHEMBL261439,IC50,430.0,nM,6.37
CHEMBL260344,IC50,425.0,nM,6.37
CHEMBL231950,IC50,0.43,uM,6.37
CHEMBL1834113,IC50,440.0,nM,6.36
CHEMBL360878,IC50,0.437,uM,6.36
CHEMBL1630464,IC50,439.0,nM,6.36
CHEMBL1834327,IC50,440.0,nM,6.36
CHEMBL483669,IC50,440.0,nM,6.36
CHEMBL3110142,IC50,0.44,uM,6.36
CHEMBL1682342,Ki,0.446,uM,6.35
CHEMBL1682344,Ki,0.448,uM,6.35
CHEMBL160938,IC50,447.0,nM,6.35
CHEMBL1682358,Ki,0.45,uM,6.35
CHEMBL261264,IC50,443.0,nM,6.35
CHEMBL400240,IC50,0.45,uM,6.35
CHEMBL77264,IC50,0.46,uM,6.34
CHEMBL1080072,Ki,0.46,uM,6.34
CHEMBL1076619,Ki,460.0,nM,6.34
CHEMBL346107,IC50,460.0,nM,6.34
CHEMBL360573,IC50,0.46,uM,6.34
CHEMBL3099833,IC50,0.46,uM,6.34
CHEMBL3401123,IC50,453.0,nM,6.34
CHEMBL4518273,IC50,0.467,uM,6.33
CHEMBL160373,IC50,472.0,nM,6.33
CHEMBL4559431,IC50,462.0,nM,6.33
CHEMBL4592870,IC50,471.0,nM,6.33
CHEMBL593375,IC50,0.47,uM,6.33
CHEMBL458636,IC50,467.0,nM,6.33
CHEMBL450340,IC50,0.48,uM,6.32
CHEMBL160829,IC50,481.0,nM,6.32
CHEMBL404208,IC50,0.48,uM,6.32
CHEMBL5089053,IC50,0.48,uM,6.32
CHEMBL561929,IC50,0.48,uM,6.32
CHEMBL404488,IC50,475.0,nM,6.32
CHEMBL407113,IC50,481.0,nM,6.32
CHEMBL404242,IC50,477.0,nM,6.32
CHEMBL3398190,IC50,477.2,nM,6.32
CHEMBL1938959,IC50,0.49,uM,6.31
CHEMBL256306,IC50,0.49,uM,6.31
CHEMBL5081917,IC50,0.489,uM,6.31
CHEMBL578803,IC50,0.486,microM,6.31
CHEMBL3735347,IC50,0.49,uM,6.31
CHEMBL3093042,IC50,500.0,nM,6.3
CHEMBL2024372,IC50,0.5,uM,6.3
CHEMBL77540,IC50,0.5,uM,6.3
CHEMBL3125890,IC50,500.0,nmol/L,6.3
CHEMBL309347,IC50,0.5,uM,6.3
CHEMBL413188,IC50,500.0,nM,6.3
CHEMBL593490,IC50,0.5,uM,6.3
CHEMBL1801628,IC50,0.5,uM,6.3
CHEMBL406863,IC50,0.5,uM,6.3
CHEMBL251375,IC50,0.5,uM,6.3
CHEMBL142826,IC50,0.5,uM,6.3
CHEMBL357136,IC50,0.5,uM,6.3
CHEMBL44545,IC50,0.5,uM,6.3
CHEMBL405021,IC50,498.0,nM,6.3
CHEMBL4438334,IC50,515.0,nM,6.29
CHEMBL4513323,IC50,510.0,nM,6.29
CHEMBL160968,IC50,514.0,nM,6.29
CHEMBL233554,IC50,0.51,uM,6.29
CHEMBL3735863,IC50,0.51,uM,6.29
CHEMBL5088103,IC50,0.52,uM,6.28
CHEMBL4530813,Ki,530.0,nM,6.28
CHEMBL1682343,Ki,0.528,uM,6.28
CHEMBL4441042,IC50,527.0,nM,6.28
CHEMBL351342,IC50,529.0,nM,6.28
CHEMBL3735772,IC50,0.53,uM,6.28
CHEMBL3735095,IC50,530.0,nM,6.28
CHEMBL454662,IC50,0.53,uM,6.28
CHEMBL346551,IC50,0.52,uM,6.28
CHEMBL4545000,IC50,521.0,nM,6.28
CHEMBL408634,IC50,530.0,nM,6.28
CHEMBL461140,IC50,0.53,uM,6.28
CHEMBL77641,IC50,0.52,uM,6.28
CHEMBL182560,IC50,0.537,uM,6.27
CHEMBL458210,IC50,539.0,nM,6.27
CHEMBL3735445,IC50,541.0,nM,6.27
CHEMBL1164177,IC50,0.54,uM,6.27
CHEMBL4781112,IC50,0.54,uM,6.27
CHEMBL256987,IC50,0.54,uM,6.27
CHEMBL1682341,Ki,0.542,uM,6.27
CHEMBL1630482,IC50,534.0,nM,6.27
CHEMBL4547931,IC50,542.0,nM,6.27
CHEMBL1630448,IC50,537.0,nM,6.27
CHEMBL160743,IC50,532.0,nM,6.27
CHEMBL4593348,IC50,0.55,uM,6.26
CHEMBL183171,IC50,0.55,uM,6.26
CHEMBL1940909,IC50,550.0,nM,6.26
CHEMBL560187,IC50,0.55,uM,6.26
CHEMBL449063,IC50,548.0,nM,6.26
CHEMBL3736122,IC50,560.0,nM,6.25
CHEMBL4741384,IC50,0.56,uM,6.25
CHEMBL4591390,IC50,560.0,nM,6.25
CHEMBL3827724,IC50,561.0,nM,6.25
CHEMBL4537545,IC50,565.0,nM,6.25
CHEMBL4791654,IC50,0.56,uM,6.25
CHEMBL3736196,IC50,0.56,uM,6.25
CHEMBL1834322,IC50,560.0,nM,6.25
CHEMBL595944,IC50,0.56,uM,6.25
CHEMBL3828397,IC50,582.0,nM,6.24
CHEMBL4568095,IC50,570.0,nM,6.24
CHEMBL1801635,IC50,0.58,uM,6.24
CHEMBL249530,IC50,0.57,uM,6.24
CHEMBL1957948,EC50,0.58,uM,6.24
CHEMBL4592453,IC50,576.0,nM,6.24
CHEMBL183504,IC50,0.575,uM,6.24
CHEMBL3736418,IC50,0.58,uM,6.24
CHEMBL399139,IC50,580.0,nM,6.24
CHEMBL3736396,IC50,580.0,nM,6.24
CHEMBL1682357,Ki,0.572,uM,6.24
CHEMBL4536515,IC50,571.0,nM,6.24
CHEMBL4640300,IC50,0.59,uM,6.23
CHEMBL4566633,IC50,584.0,nM,6.23
CHEMBL1834110,IC50,600.0,nM,6.22
CHEMBL5185897,IC50,0.6,uM,6.22
CHEMBL259998,IC50,0.6,uM,6.22
CHEMBL560158,Ki,605.0,nM,6.22
CHEMBL3747661,IC50,0.6,uM,6.22
CHEMBL76941,IC50,0.6,uM,6.22
CHEMBL2022418,IC50,0.6,uM,6.22
CHEMBL2022416,IC50,0.6,uM,6.22
CHEMBL2024362,IC50,0.6,uM,6.22
CHEMBL250148,IC50,0.6,uM,6.22
CHEMBL1078426,Ki,0.62,uM,6.21
CHEMBL430574,IC50,0.62,microM,6.21
CHEMBL132223,IC50,0.62,uM,6.21
CHEMBL3410102,IC50,610.0,nM,6.21
CHEMBL182283,IC50,0.617,uM,6.21
CHEMBL184657,Ki,0.63,uM,6.2
CHEMBL4071667,IC50,630.0,nM,6.2
CHEMBL4648047,IC50,0.63,uM,6.2
CHEMBL188205,Ki,0.63,uM,6.2
CHEMBL256518,IC50,628.0,nM,6.2
CHEMBL4580131,IC50,633.0,nM,6.2
CHEMBL253532,IC50,0.63,uM,6.2
CHEMBL471015,IC50,630.0,nM,6.2
CHEMBL4442834,IC50,629.0,nM,6.2
CHEMBL1630462,IC50,632.0,nM,6.2
CHEMBL1272270,IC50,638.0,nM,6.2
CHEMBL3735984,IC50,0.64,uM,6.19
CHEMBL1080375,Ki,650.0,nM,6.19
CHEMBL4632385,IC50,0.64,uM,6.19
CHEMBL75680,IC50,0.65,uM,6.19
CHEMBL3735755,IC50,0.64,uM,6.19
CHEMBL1682556,Ki,0.642,uM,6.19
CHEMBL4788432,IC50,639.2,nM,6.19
CHEMBL1081454,Ki,640.0,nM,6.19
CHEMBL4440048,Ki,650.0,nM,6.19
CHEMBL4064316,IC50,0.66,uM,6.18
CHEMBL1630489,IC50,662.0,nM,6.18
CHEMBL559472,IC50,0.66,uM,6.18
CHEMBL4437018,IC50,663.0,nM,6.18
CHEMBL3925481,IC50,657.0,nM,6.18
CHEMBL1834111,IC50,660.0,nM,6.18
CHEMBL1086782,IC50,0.661,uM,6.18
CHEMBL1630475,IC50,671.0,nM,6.17
CHEMBL4277917,IC50,0.67,uM,6.17
CHEMBL4436862,IC50,678.0,nM,6.17
CHEMBL3099839,IC50,0.68,uM,6.17
CHEMBL603197,IC50,0.67,uM,6.17
CHEMBL595459,IC50,0.68,uM,6.17
CHEMBL1669586,IC50,0.67,uM,6.17
CHEMBL513576,IC50,680.0,nM,6.17
CHEMBL3736404,IC50,0.67,uM,6.17
CHEMBL574600,IC50,680.0,nM,6.17
CHEMBL1077670,Ki,0.69,uM,6.16
CHEMBL3408213,IC50,0.69,uM,6.16
CHEMBL347580,IC50,694.0,nM,6.16
CHEMBL2062564,IC50,0.7,uM,6.16
CHEMBL521871,IC50,0.69,uM,6.16
CHEMBL261127,IC50,691.0,nM,6.16
CHEMBL254582,IC50,0.69,uM,6.16
CHEMBL2177176,Ki,690.0,nM,6.16
CHEMBL122899,IC50,0.7,uM,6.16
CHEMBL3110140,IC50,0.69,uM,6.16
CHEMBL4647220,IC50,0.69,uM,6.16
CHEMBL3735293,IC50,0.69,uM,6.16
CHEMBL365286,Ki,0.7,uM,6.16
CHEMBL1078820,Ki,0.69,uM,6.16
CHEMBL483465,IC50,710.0,nM,6.15
CHEMBL257992,IC50,0.71,uM,6.15
CHEMBL350435,IC50,704.0,nM,6.15
CHEMBL1630490,IC50,710.0,nM,6.15
CHEMBL5084003,IC50,0.7120000000000001,uM,6.15
CHEMBL257993,IC50,0.71,uM,6.15
CHEMBL4216485,IC50,0.71,uM,6.15
CHEMBL3410098,IC50,730.0,nM,6.14
CHEMBL1086732,IC50,730.0,nM,6.14
CHEMBL1630477,IC50,719.0,nM,6.14
CHEMBL1080544,Ki,720.0,nM,6.14
CHEMBL4855714,IC50,0.7340000000000001,uM,6.13
CHEMBL4446123,IC50,0.739,uM,6.13
CHEMBL4452978,IC50,743.0,nM,6.13
CHEMBL254155,IC50,744.0,nM,6.13
CHEMBL258721,IC50,754.0,nM,6.12
CHEMBL253533,IC50,0.76,uM,6.12
CHEMBL3736458,IC50,0.75,uM,6.12
CHEMBL4643408,EC50,0.763,uM,6.12
CHEMBL552265,IC50,0.76,uM,6.12
CHEMBL2064538,IC50,0.758,uM,6.12
CHEMBL4558089,IC50,767.0,nM,6.12
CHEMBL564033,IC50,0.75,uM,6.12
CHEMBL5087421,IC50,0.76,uM,6.12
CHEMBL77217,IC50,0.75,uM,6.12
CHEMBL3901767,IC50,752.0,nM,6.12
CHEMBL4532931,IC50,0.77,uM,6.11
CHEMBL1669585,IC50,0.78,uM,6.11
CHEMBL1210405,IC50,0.781,uM,6.11
CHEMBL380331,IC50,0.78,uM,6.11
CHEMBL4101984,IC50,780.0,nM,6.11
CHEMBL250183,IC50,0.79,uM,6.1
CHEMBL3091534,IC50,791.0,nM,6.1
CHEMBL3652542,IC50,800.0,nM,6.1
CHEMBL2022417,IC50,0.8,uM,6.1
CHEMBL364539,Ki,0.79,uM,6.1
CHEMBL483841,IC50,0.8,uM,6.1
CHEMBL187287,Ki,0.79,uM,6.1
CHEMBL186826,Ki,0.79,uM,6.1
CHEMBL573266,IC50,790.0,nM,6.1
CHEMBL76559,IC50,0.8,uM,6.1
CHEMBL4877117,IC50,810.0,nM,6.09
CHEMBL40021,IC50,0.82,uM,6.09
CHEMBL4100916,IC50,0.81,uM,6.09
CHEMBL1630484,IC50,805.0,nM,6.09
CHEMBL563560,IC50,0.81,uM,6.09
CHEMBL3110135,IC50,0.81,uM,6.09
CHEMBL1630478,IC50,811.0,nM,6.09
CHEMBL4442468,IC50,808.0,nM,6.09
CHEMBL482632,IC50,830.0,nM,6.08
CHEMBL3099840,IC50,0.83,uM,6.08
CHEMBL261660,IC50,828.0,nM,6.08
CHEMBL4877175,IC50,0.8370000000000001,uM,6.08
CHEMBL4761851,IC50,0.86,uM,6.07
CHEMBL496162,IC50,0.85,uM,6.07
CHEMBL261052,IC50,851.0,nM,6.07
CHEMBL254961,IC50,0.86,uM,6.07
CHEMBL403309,IC50,0.86,uM,6.07
CHEMBL557647,IC50,0.85,uM,6.07
CHEMBL1940253,IC50,860.0,nM,6.07
CHEMBL1630474,IC50,855.0,nM,6.07
CHEMBL3673435,IC50,857.0,nM,6.07
CHEMBL1081063,Ki,850.0,nM,6.07
CHEMBL521774,IC50,870.0,nM,6.06
CHEMBL250714,IC50,870.0,nM,6.06
CHEMBL4467604,IC50,862.0,nM,6.06
CHEMBL565612,IC50,870.0,nM,6.06
CHEMBL4748741,IC50,874.3,nM,6.06
CHEMBL3735497,IC50,0.87,uM,6.06
CHEMBL4636722,IC50,0.9,uM,6.05
CHEMBL1682340,Ki,0.891,uM,6.05
CHEMBL4453072,IC50,0.893,uM,6.05
CHEMBL1834331,IC50,900.0,nM,6.05
CHEMBL360304,IC50,0.89,uM,6.05
CHEMBL4518634,IC50,0.899,uM,6.05
CHEMBL254758,IC50,0.9,uM,6.05
CHEMBL3763944,IC50,0.9,uM,6.05
CHEMBL401654,IC50,0.89,uM,6.05
CHEMBL2022419,IC50,0.9,uM,6.05
CHEMBL2022421,IC50,0.9,uM,6.05
CHEMBL549286,IC50,0.9,uM,6.05
CHEMBL4462480,IC50,891.0,nM,6.05
CHEMBL5170269,IC50,883.0,nM,6.05
CHEMBL1801636,IC50,0.89,uM,6.05
CHEMBL558982,IC50,0.9,uM,6.05
CHEMBL4647588,IC50,0.916,uM,6.04
CHEMBL257834,IC50,920.0,nM,6.04
CHEMBL3673434,IC50,903.0,nM,6.04
CHEMBL3091535,IC50,903.0,nM,6.04
CHEMBL306498,IC50,0.92,uM,6.04
CHEMBL4090044,IC50,920.0,nM,6.04
CHEMBL4456469,IC50,917.0,nM,6.04
CHEMBL398670,IC50,0.92,uM,6.04
CHEMBL5085851,IC50,0.92,uM,6.04
CHEMBL3110143,IC50,0.94,uM,6.03
CHEMBL4751438,IC50,0.94,uM,6.03
CHEMBL1083208,IC50,0.935,uM,6.03
CHEMBL3398199,IC50,941.8,nM,6.03
CHEMBL561930,IC50,0.95,uM,6.02
CHEMBL563685,IC50,0.96,uM,6.02
CHEMBL401918,IC50,0.96,uM,6.02
CHEMBL4518955,IC50,956.0,nM,6.02
CHEMBL3099837,IC50,0.96,uM,6.02
CHEMBL3734973,IC50,0.95,uM,6.02
CHEMBL2391124,IC50,0.966,uM,6.01
CHEMBL3593777,IC50,980.0,nM,6.01
CHEMBL5078490,IC50,0.973,uM,6.01
CHEMBL203569,IC50,0.97,uM,6.01
CHEMBL1630460,IC50,980.0,nM,6.01
CHEMBL4069163,IC50,1.01,uM,6.0
CHEMBL307941,IC50,1.0,uM,6.0
CHEMBL364646,Ki,1.0,uM,6.0
CHEMBL187135,Ki,1.0,uM,6.0
CHEMBL2024368,IC50,1.0,uM,6.0
CHEMBL77469,IC50,1.0,uM,6.0
CHEMBL458857,IC50,1012.0,nM,6.0
CHEMBL2062565,IC50,1.0,uM,6.0
CHEMBL2024367,IC50,1.0,uM,6.0
CHEMBL1834319,IC50,1000.0,nM,6.0
CHEMBL596006,IC50,1.0,uM,6.0
CHEMBL593629,IC50,1.0,uM,6.0
CHEMBL1801627,IC50,1.0,uM,6.0
CHEMBL1801626,IC50,1.0,uM,6.0
CHEMBL142711,IC50,1.0,uM,6.0
CHEMBL400745,IC50,1000.0,nM,6.0
CHEMBL1078538,Ki,1.0,uM,6.0
CHEMBL103009,IC50,1.0,uM,6.0
CHEMBL593628,IC50,1.0,uM,6.0
CHEMBL596352,IC50,1.0,uM,6.0
CHEMBL3110139,IC50,1.0,uM,6.0
CHEMBL140061,IC50,1.0,uM,6.0
CHEMBL4472277,IC50,994.0,nM,6.0
CHEMBL5183472,IC50,1.0,uM,6.0
CHEMBL5181975,IC50,1.0,uM,6.0
CHEMBL259389,IC50,1000.0,nM,6.0
CHEMBL182904,IC50,1.0,uM,6.0
CHEMBL261440,IC50,1000.0,nM,6.0
CHEMBL3735681,IC50,1.0,uM,6.0
CHEMBL341572,IC50,1.0,uM,6.0
CHEMBL1098241,IC50,1020.0,nM,5.99
CHEMBL484950,Ki,1034.0,nM,5.99
CHEMBL3951486,IC50,1.03,uM,5.99
CHEMBL4777194,IC50,1.02,uM,5.99
CHEMBL403406,IC50,1.05,uM,5.98
CHEMBL1096626,IC50,1040.0,nM,5.98
CHEMBL255915,IC50,1.06,uM,5.97
CHEMBL4751957,IC50,1.08,uM,5.97
CHEMBL5083646,IC50,1.079,uM,5.97
CHEMBL76740,IC50,1.1,uM,5.96
CHEMBL2024374,IC50,1.1,uM,5.96
CHEMBL77066,IC50,1.1,uM,5.96
CHEMBL560585,IC50,1.09,uM,5.96
CHEMBL2022423,IC50,1.1,uM,5.96
CHEMBL1096634,IC50,1110.0,nM,5.96
CHEMBL398647,IC50,1.1,uM,5.96
CHEMBL201511,IC50,0.0000011,M,5.96
CHEMBL37689,IC50,1.1,uM,5.96
CHEMBL2022420,IC50,1.1,uM,5.96
CHEMBL1938953,IC50,1.1,uM,5.96
CHEMBL1083209,IC50,1.088,uM,5.96
CHEMBL1079032,Ki,1.1,uM,5.96
CHEMBL3735637,IC50,1.13,uM,5.95
CHEMBL2203559,IC50,1.12,uM,5.95
CHEMBL428252,IC50,1.13,uM,5.95
CHEMBL401056,IC50,1.13,uM,5.95
CHEMBL113168,IC50,1.16,uM,5.94
CHEMBL4202731,IC50,1.15,uM,5.94
CHEMBL1096291,IC50,1140.0,nM,5.94
CHEMBL552470,IC50,1.14,uM,5.94
CHEMBL4105629,IC50,1.14,uM,5.94
CHEMBL4452736,IC50,1149.0,nM,5.94
CHEMBL1084134,IC50,1.18,uM,5.93
CHEMBL1085927,IC50,1.184,uM,5.93
CHEMBL249165,IC50,1.18,uM,5.93
CHEMBL5082380,IC50,1.18,uM,5.93
CHEMBL428690,IC50,1.1840000000000002,uM,5.93
CHEMBL428596,IC50,1.17,uM,5.93
CHEMBL564290,Ki,1168.0,nM,5.93
CHEMBL3735382,IC50,1.2,uM,5.92
CHEMBL4539700,IC50,1204.0,nM,5.92
CHEMBL4070575,IC50,1200.0,nM,5.92
CHEMBL80785,IC50,1.2,uM,5.92
CHEMBL4444495,IC50,1193.0,nM,5.92
CHEMBL74015,IC50,1.2,uM,5.92
CHEMBL4748786,IC50,1.19,uM,5.92
CHEMBL3110138,IC50,1.21,uM,5.92
CHEMBL37342,IC50,1.2,uM,5.92
CHEMBL175845,IC50,1.2,uM,5.92
CHEMBL574233,IC50,1.2,microM,5.92
CHEMBL4781092,IC50,1.21,uM,5.92
CHEMBL5076549,IC50,1.204,uM,5.92
CHEMBL2024371,IC50,1.2,uM,5.92
CHEMBL2024370,IC50,1.2,uM,5.92
CHEMBL4444620,IC50,1196.0,nM,5.92
CHEMBL1834109,IC50,1200.0,nM,5.92
CHEMBL1099281,IC50,1210.0,nM,5.92
CHEMBL1210476,IC50,1.22,uM,5.91
CHEMBL4440139,IC50,1.231,uM,5.91
CHEMBL2203553,IC50,1.22,uM,5.91
CHEMBL4460479,IC50,1252.0,nM,5.9
CHEMBL1164262,IC50,1.26,uM,5.9
CHEMBL1630455,IC50,1270.0,nM,5.9
CHEMBL259925,IC50,1260.0,nM,5.9
CHEMBL189148,Ki,1.25,uM,5.9
CHEMBL2024359,IC50,1.3,uM,5.89
CHEMBL3901073,IC50,1300.0,nM,5.89
CHEMBL3099838,IC50,1.29,uM,5.89
CHEMBL3651966,IC50,1.3,uM,5.89
CHEMBL3093036,IC50,1300.0,nM,5.89
CHEMBL4519757,IC50,1291.0,nM,5.89
CHEMBL3093040,IC50,1300.0,nM,5.89
CHEMBL1086174,IC50,1.281,uM,5.89
CHEMBL50498,IC50,1.3,uM,5.89
CHEMBL260358,IC50,1.3,uM,5.89
CHEMBL490639,IC50,1290.0,nM,5.89
CHEMBL590109,IC50,1.3,uM,5.89
CHEMBL359808,IC50,1.3,uM,5.89
CHEMBL1081293,IC50,1300.0,nM,5.89
CHEMBL1682339,Ki,1.298,uM,5.89
CHEMBL5076385,IC50,1.28,uM,5.89
CHEMBL4642636,IC50,1.314,uM,5.88
CHEMBL564449,Ki,1314.0,nM,5.88
CHEMBL4799574,IC50,1.32,uM,5.88
CHEMBL254794,IC50,1.33,uM,5.88
CHEMBL4645499,IC50,1.34,uM,5.87
CHEMBL1086175,IC50,1.353,uM,5.87
CHEMBL1270230,IC50,1.39,uM,5.86
CHEMBL5082566,IC50,1.382,uM,5.86
CHEMBL1630431,IC50,1378.0,nM,5.86
CHEMBL260463,IC50,1.4,uM,5.85
CHEMBL37811,IC50,1.4,uM,5.85
CHEMBL156801,IC50,1398.0,nM,5.85
CHEMBL2062577,IC50,1.4,uM,5.85
CHEMBL2024363,IC50,1.4,uM,5.85
CHEMBL3911800,IC50,1.42,uM,5.85
CHEMBL260000,IC50,1.4,uM,5.85
CHEMBL3663760,IC50,1.4,uM,5.85
CHEMBL156524,IC50,1412.0,nM,5.85
CHEMBL3734853,IC50,1400.0,nM,5.85
CHEMBL3735882,IC50,1.4,uM,5.85
CHEMBL250386,IC50,1.41,uM,5.85
CHEMBL255284,IC50,1.43,uM,5.84
CHEMBL3911190,IC50,1.45,uM,5.84
CHEMBL4203444,IC50,1.44,uM,5.84
CHEMBL4519366,IC50,1429.0,nM,5.84
CHEMBL402325,IC50,1.48,uM,5.83
CHEMBL351801,IC50,1478.0,nM,5.83
CHEMBL1080868,Ki,1490.0,nM,5.83
CHEMBL4761660,IC50,1.49,uM,5.83
CHEMBL5207871,IC50,1.5,uM,5.82
CHEMBL409450,IC50,1.5,uM,5.82
CHEMBL1079208,Ki,1.5,uM,5.82
CHEMBL287508,IC50,1.5,uM,5.82
CHEMBL4070626,IC50,1500.0,nM,5.82
CHEMBL1834317,IC50,1500.0,nM,5.82
CHEMBL564941,Ki,1500.0,nM,5.82
CHEMBL3735527,IC50,1.51,uM,5.82
CHEMBL1801622,IC50,1.5,uM,5.82
CHEMBL1801623,IC50,1.5,uM,5.82
CHEMBL151,IC50,1.5,uM,5.82
CHEMBL4452170,IC50,1499.0,nM,5.82
CHEMBL141190,IC50,1.5,uM,5.82
CHEMBL3909349,IC50,1500.0,nM,5.82
CHEMBL5181874,IC50,1.53,uM,5.82
CHEMBL4283652,IC50,1.5,uM,5.82
CHEMBL270046,IC50,1.56,uM,5.81
CHEMBL1099298,IC50,1570.0,nM,5.8
CHEMBL258259,IC50,1585.0,nM,5.8
CHEMBL408979,IC50,1593.0,nM,5.8
CHEMBL3318007,Ki,1.6,uM,5.8
CHEMBL525194,IC50,1.6,uM,5.8
CHEMBL5197170,IC50,1.6,uM,5.8
CHEMBL1957943,IC50,1.6,uM,5.8
CHEMBL2024375,IC50,1.6,uM,5.8
CHEMBL186195,Ki,1.58,uM,5.8
CHEMBL4083249,IC50,1594.0,nM,5.8
CHEMBL2163770,Ki,1.6,uM,5.8
CHEMBL403238,IC50,1628.0,nM,5.79
CHEMBL2312290,IC50,1.68,uM,5.78
CHEMBL3110134,IC50,1.69,uM,5.77
CHEMBL78165,IC50,1.7,uM,5.77
CHEMBL4582385,IC50,1684.0,nM,5.77
CHEMBL3735220,IC50,1.7,uM,5.77
CHEMBL4077350,IC50,1700.0,nM,5.77
CHEMBL256139,IC50,1.7,uM,5.77
CHEMBL409503,IC50,1.7,uM,5.77
CHEMBL1093746,IC50,1720.0,nM,5.76
CHEMBL4529655,IC50,1.717,uM,5.76
CHEMBL77095,IC50,1.8,uM,5.75
CHEMBL2022422,IC50,1.8,uM,5.75
CHEMBL4459001,IC50,1758.0,nM,5.75
CHEMBL3787112,IC50,1.8,uM,5.75
CHEMBL4449296,IC50,1780.0,nM,5.75
CHEMBL3093039,IC50,1800.0,nM,5.75
CHEMBL399287,IC50,1.8,uM,5.75
CHEMBL1938954,IC50,1.8,uM,5.75
CHEMBL564437,IC50,1.79,uM,5.75
CHEMBL360340,IC50,1.82,uM,5.74
CHEMBL4516941,IC50,1.82,uM,5.74
CHEMBL512208,IC50,1863.0,nM,5.73
CHEMBL4245242,Ki,1900.0,nM,5.72
CHEMBL507249,IC50,1.9,uM,5.72
CHEMBL3437678,IC50,1895.0,nM,5.72
CHEMBL28,IC50,1.9,uM,5.72
CHEMBL3093044,IC50,1900.0,nM,5.72
CHEMBL306263,IC50,1.9,uM,5.72
CHEMBL3099836,IC50,1.9,uM,5.72
CHEMBL368895,IC50,1.9,uM,5.72
CHEMBL4640465,IC50,1.95,uM,5.71
CHEMBL181856,IC50,1.95,uM,5.71
CHEMBL490355,IC50,1.95,uM,5.71
CHEMBL106072,IC50,2.0,uM,5.7
CHEMBL260577,IC50,2.0,uM,5.7
CHEMBL5184052,IC50,2.0,uM,5.7
CHEMBL2022412,IC50,2.0,uM,5.7
CHEMBL1957941,IC50,2.0,uM,5.7
CHEMBL44541,IC50,2.0,uM,5.7
CHEMBL50,IC50,2.0,uM,5.7
CHEMBL296271,IC50,2.0,uM,5.7
CHEMBL26515,IC50,2.0,uM,5.7
CHEMBL143273,IC50,2.0,uM,5.7
CHEMBL419273,IC50,2.0,uM,5.7
CHEMBL2024361,IC50,2.0,uM,5.7
CHEMBL2391127,IC50,1.995,uM,5.7
CHEMBL3765061,IC50,2.01,uM,5.7
CHEMBL1801625,IC50,2.0,uM,5.7
CHEMBL1086733,IC50,2000.0,nM,5.7
CHEMBL402324,IC50,2.0,uM,5.7
CHEMBL4085521,IC50,2.01,uM,5.7
CHEMBL287864,IC50,2.0,uM,5.7
CHEMBL284861,IC50,2.0,uM,5.7
CHEMBL5182770,IC50,2.0,uM,5.7
CHEMBL2024366,IC50,2.0,uM,5.7
CHEMBL1630453,IC50,1975.0,nM,5.7
CHEMBL1682335,Ki,2.026,uM,5.69
CHEMBL4781499,IC50,2.06,uM,5.69
CHEMBL1834112,IC50,2100.0,nM,5.68
CHEMBL3734776,IC50,2.1,uM,5.68
CHEMBL1080071,Ki,2.1,uM,5.68
CHEMBL5198038,IC50,2.1,uM,5.68
CHEMBL3093037,IC50,2100.0,nM,5.68
CHEMBL112819,IC50,2.1,uM,5.68
CHEMBL316485,IC50,2.1,microM,5.68
CHEMBL2022414,IC50,2.1,uM,5.68
CHEMBL4794583,IC50,2.07,uM,5.68
CHEMBL2024364,IC50,2.1,uM,5.68
CHEMBL3763318,IC50,2.09,uM,5.68
CHEMBL3899197,IC50,2100.0,nM,5.68
CHEMBL3954062,IC50,2100.0,nM,5.68
CHEMBL4248525,Ki,2100.0,nM,5.68
CHEMBL4779572,IC50,2.08,uM,5.68
CHEMBL3891166,IC50,2100.0,nM,5.68
CHEMBL2063002,IC50,2.17,uM,5.66
CHEMBL485745,IC50,2.2,uM,5.66
CHEMBL3093046,IC50,2200.0,nM,5.66
CHEMBL251885,IC50,2.2,uM,5.66
CHEMBL4746226,IC50,2.17,uM,5.66
CHEMBL4452831,IC50,2.26,uM,5.65
CHEMBL3699446,IC50,2254.0,nM,5.65
CHEMBL1669588,IC50,2.26,uM,5.65
CHEMBL562814,IC50,2.26,uM,5.65
CHEMBL4794134,IC50,2.29,uM,5.64
CHEMBL435045,IC50,2285.0,nM,5.64
CHEMBL4646033,IC50,2.3,uM,5.64
CHEMBL305901,IC50,2.3,uM,5.64
CHEMBL483842,IC50,2.3,uM,5.64
CHEMBL1164264,IC50,2.29,uM,5.64
CHEMBL407374,IC50,2343.0,nM,5.63
CHEMBL4207719,IC50,2.35,uM,5.63
CHEMBL3915489,IC50,2400.0,nM,5.62
CHEMBL183742,IC50,2.4,uM,5.62
CHEMBL3093038,IC50,2400.0,nM,5.62
CHEMBL404689,IC50,2.4,uM,5.62
CHEMBL367106,IC50,2.4,uM,5.62
CHEMBL1630436,IC50,2400.0,nM,5.62
CHEMBL3933598,IC50,2400.0,nM,5.62
CHEMBL554082,IC50,2.4,uM,5.62
CHEMBL3091533,IC50,2466.0,nM,5.61
CHEMBL4204814,IC50,2.46,uM,5.61
CHEMBL1630449,IC50,2456.0,nM,5.61
CHEMBL4079704,IC50,2.48,uM,5.61
CHEMBL4556827,IC50,2.47,uM,5.61
CHEMBL1086176,IC50,2.459,uM,5.61
CHEMBL1682359,Ki,2.53,uM,5.6
CHEMBL76942,IC50,2.5,uM,5.6
CHEMBL46440,IC50,2.5,uM,5.6
CHEMBL1878704,IC50,2495.0,nM,5.6
CHEMBL362086,Ki,2.51,uM,5.6
CHEMBL1801629,IC50,2.5,uM,5.6
CHEMBL342402,IC50,2.5,uM,5.6
CHEMBL3763728,IC50,2.49,uM,5.6
CHEMBL296682,IC50,2.5,uM,5.6
CHEMBL4291453,IC50,2.5,uM,5.6
CHEMBL5083185,IC50,2.5,uM,5.6
CHEMBL413032,IC50,2.5,uM,5.6
CHEMBL143090,IC50,2.5,uM,5.6
CHEMBL367107,IC50,2.5,uM,5.6
CHEMBL142824,IC50,2.5,uM,5.6
CHEMBL4204627,IC50,2.57,uM,5.59
CHEMBL2409175,IC50,2.6,uM,5.58
CHEMBL563121,IC50,2.66,uM,5.58
CHEMBL4213020,IC50,2.6,uM,5.58
CHEMBL1682550,Ki,2.611,uM,5.58
CHEMBL3361128,IC50,2.63,uM,5.58
CHEMBL1098943,IC50,2600.0,nM,5.58
CHEMBL3979434,IC50,2.61,uM,5.58
CHEMBL258029,IC50,2.61,uM,5.58
CHEMBL2062575,IC50,2.6,uM,5.58
CHEMBL351334,IC50,2613.0,nM,5.58
CHEMBL1938964,IC50,2.6,uM,5.58
CHEMBL307943,IC50,2.6,uM,5.58
CHEMBL4792749,IC50,2.63,uM,5.58
CHEMBL4449010,IC50,2.69,uM,5.57
CHEMBL4741761,IC50,2.69,uM,5.57
CHEMBL5075604,IC50,2.668,uM,5.57
CHEMBL4757545,IC50,2.7,uM,5.57
CHEMBL261661,IC50,2697.0,nM,5.57
CHEMBL1096290,IC50,2700.0,nM,5.57
CHEMBL3763815,IC50,2.78,uM,5.56
CHEMBL1630458,IC50,2810.0,nM,5.55
CHEMBL1709775,IC50,2.8,uM,5.55
CHEMBL249531,IC50,2.8,uM,5.55
CHEMBL256366,IC50,2800.0,nM,5.55
CHEMBL1957942,IC50,2.8,uM,5.55
CHEMBL1938966,IC50,2.8,uM,5.55
CHEMBL5086342,IC50,2.8,uM,5.55
CHEMBL1081260,IC50,2800.0,nM,5.55
CHEMBL408809,IC50,2810.0,nM,5.55
CHEMBL1095038,IC50,2.894,uM,5.54
CHEMBL4792822,IC50,2.85,uM,5.54
CHEMBL493169,Ki,2900.0,nM,5.54
CHEMBL403948,IC50,2.9,uM,5.54
CHEMBL1682542,Ki,2.861,uM,5.54
CHEMBL4792670,IC50,2.95,uM,5.53
CHEMBL4797249,IC50,2.98,uM,5.53
CHEMBL3884319,IC50,2988.0,nM,5.53
CHEMBL263664,IC50,3.0,uM,5.52
CHEMBL24721,IC50,3.0,uM,5.52
CHEMBL1774404,IC50,3.0,uM,5.52
CHEMBL2037482,IC50,3.01,uM,5.52
CHEMBL554295,IC50,3.0,uM,5.52
CHEMBL257823,IC50,2.99,uM,5.52
CHEMBL4073799,IC50,3.0,uM,5.52
CHEMBL1801611,IC50,3.0,uM,5.52
CHEMBL3093035,IC50,3000.0,nM,5.52
CHEMBL403640,IC50,3.0,uM,5.52
CHEMBL26274,IC50,3.0,uM,5.52
CHEMBL335357,IC50,3.0,uM,5.52
CHEMBL74133,IC50,3.0,uM,5.52
CHEMBL4091320,IC50,3.0,uM,5.52
CHEMBL4584996,IC50,3.09,uM,5.51
CHEMBL4095283,IC50,3.12,uM,5.51
CHEMBL1170317,IC50,3.1,uM,5.51
CHEMBL3982723,IC50,3100.0,nM,5.51
CHEMBL4743208,IC50,3.12,uM,5.51
CHEMBL3892099,IC50,3100.0,nM,5.51
CHEMBL1081261,IC50,3100.0,nM,5.51
CHEMBL496779,IC50,3.2,uM,5.5
CHEMBL2064521,IC50,3.162,uM,5.5
CHEMBL4080101,IC50,3.18,uM,5.5
CHEMBL1079135,Ki,3.2,uM,5.5
CHEMBL188426,Ki,3.16,uM,5.5
CHEMBL404687,IC50,3.2,uM,5.5
CHEMBL80644,IC50,3.2,uM,5.5
CHEMBL4752122,IC50,3.24,uM,5.49
CHEMBL3947828,IC50,3238.0,nM,5.49
CHEMBL4555766,IC50,3242.0,nM,5.49
CHEMBL2313853,IC50,3.3,uM,5.48
CHEMBL77590,IC50,3.3,uM,5.48
CHEMBL562709,IC50,3.34,uM,5.48
CHEMBL4747475,IC50,3.3,uM,5.48
CHEMBL256559,IC50,3.38,uM,5.47
CHEMBL1834116,IC50,3400.0,nM,5.47
CHEMBL3966595,IC50,3400.0,nM,5.47
CHEMBL1682549,Ki,3.402,uM,5.47
CHEMBL178785,IC50,3.4,uM,5.47
CHEMBL4875903,IC50,3.508,uM,5.46
CHEMBL403856,IC50,3.5,uM,5.46
CHEMBL4204286,IC50,3.51,uM,5.46
CHEMBL257979,IC50,3.5,uM,5.46
CHEMBL1682338,Ki,3.466,uM,5.46
CHEMBL257980,IC50,3.48,uM,5.46
CHEMBL249141,IC50,3.53,uM,5.45
CHEMBL3961887,IC50,3582.0,nM,5.45
CHEMBL287731,IC50,3572.0,nM,5.45
CHEMBL4210171,IC50,3.57,uM,5.45
CHEMBL4169102,IC50,3.55,uM,5.45
CHEMBL4087974,IC50,3.54,uM,5.45
CHEMBL604712,IC50,3.63,uM,5.44
CHEMBL4555253,IC50,3654.0,nM,5.44
CHEMBL4442366,IC50,3724.0,nM,5.43
CHEMBL4442898,IC50,3760.0,nM,5.42
CHEMBL5085025,IC50,3.8110000000000004,uM,5.42
CHEMBL1095039,IC50,3.808,uM,5.42
CHEMBL4096612,IC50,3.81,uM,5.42
CHEMBL1682360,Ki,3.81,uM,5.42
CHEMBL4753278,IC50,3.93,uM,5.41
CHEMBL596073,IC50,3.86,uM,5.41
CHEMBL1682544,Ki,3.925,uM,5.41
CHEMBL359486,IC50,3.9,uM,5.41
CHEMBL256367,IC50,4.0,uM,5.4
CHEMBL99280,IC50,4.0,microM,5.4
CHEMBL24494,IC50,4.0,uM,5.4
CHEMBL189874,Ki,3.98,uM,5.4
CHEMBL257562,IC50,4.0,uM,5.4
CHEMBL24537,IC50,4.0,uM,5.4
CHEMBL2313850,IC50,4.0,uM,5.4
CHEMBL2203562,IC50,4.0,uM,5.4
CHEMBL5092483,IC50,4.0,uM,5.4
CHEMBL181114,IC50,4.0,uM,5.4
CHEMBL4212986,IC50,3.96,uM,5.4
CHEMBL1095624,IC50,4000.0,nM,5.4
CHEMBL270045,IC50,3.97,uM,5.4
CHEMBL25820,IC50,4.0,uM,5.4
CHEMBL4203924,IC50,4.1,uM,5.39
CHEMBL489413,IC50,4090.0,nM,5.39
CHEMBL4575045,IC50,4.11,uM,5.39
CHEMBL1080583,IC50,4100.0,nM,5.39
CHEMBL4573681,IC50,4.05,uM,5.39
CHEMBL5088917,IC50,4.04,uM,5.39
CHEMBL4444424,IC50,4.11,uM,5.39
CHEMBL2024365,IC50,4.1,uM,5.39
CHEMBL1669587,IC50,4.08,uM,5.39
CHEMBL4103031,IC50,4.03,uM,5.39
CHEMBL4744440,IC50,4.042,uM,5.39
CHEMBL1077260,IC50,4.14,uM,5.38
CHEMBL256307,IC50,4.17,uM,5.38
CHEMBL4571262,IC50,4.21,uM,5.38
CHEMBL41016,IC50,4.2,uM,5.38
CHEMBL4214215,IC50,4.16,uM,5.38
CHEMBL3651854,IC50,4.3,uM,5.37
CHEMBL4077675,IC50,4.28,uM,5.37
CHEMBL95477,IC50,4.3,microM,5.37
CHEMBL1681795,Ki,4.272,uM,5.37
CHEMBL4454916,IC50,4.343,uM,5.36
CHEMBL332575,IC50,4.38,uM,5.36
CHEMBL5198118,IC50,4.34,uM,5.36
CHEMBL4517450,IC50,4.42,uM,5.36
CHEMBL3221394,Ki,4.4,uM,5.36
CHEMBL1682543,Ki,4.472,uM,5.35
CHEMBL4097781,IC50,4.5,uM,5.35
CHEMBL464381,IC50,4.5,uM,5.35
CHEMBL4082305,IC50,4.5,uM,5.35
CHEMBL1801632,IC50,4.47,uM,5.35
CHEMBL3298402,IC50,4.608,uM,5.34
CHEMBL399078,IC50,4.6,uM,5.34
CHEMBL2024369,IC50,4.6,uM,5.34
CHEMBL4793635,IC50,4.56,uM,5.34
CHEMBL4288568,IC50,4.6,uM,5.34
CHEMBL1630438,IC50,4700.0,nM,5.33
CHEMBL4475448,IC50,4.64,uM,5.33
CHEMBL612054,IC50,4.8,uM,5.32
CHEMBL4871399,IC50,4.8,uM,5.32
CHEMBL252520,IC50,4.8,uM,5.32
CHEMBL5083742,IC50,4.8,uM,5.32
CHEMBL77697,IC50,4.8,uM,5.32
CHEMBL3221395,Ki,4.8,uM,5.32
CHEMBL4077010,IC50,4.78,uM,5.32
CHEMBL426587,IC50,4.8,uM,5.32
CHEMBL4103963,IC50,4.83,uM,5.32
CHEMBL5085162,IC50,4.9,uM,5.31
CHEMBL550052,IC50,4.89,uM,5.31
CHEMBL4849828,IC50,4.935,uM,5.31
CHEMBL143419,IC50,5.0,uM,5.3
CHEMBL186116,Ki,5.01,uM,5.3
CHEMBL611357,IC50,5.0,uM,5.3
CHEMBL356459,IC50,5.0,uM,5.3
CHEMBL188257,Ki,5.01,uM,5.3
CHEMBL105348,IC50,5.0,uM,5.3
CHEMBL257821,IC50,5.0,uM,5.3
CHEMBL24753,IC50,5.0,uM,5.3
CHEMBL143743,IC50,5.0,uM,5.3
CHEMBL1800091,IC50,5.0,uM,5.3
CHEMBL102953,IC50,5.0,uM,5.3
CHEMBL5187137,IC50,5.0,uM,5.3
CHEMBL1084681,IC50,5.008,uM,5.3
CHEMBL26218,IC50,5.0,uM,5.3
CHEMBL316512,IC50,5.0,microM,5.3
CHEMBL4105195,IC50,5.01,uM,5.3
CHEMBL4072138,IC50,5.16,uM,5.29
CHEMBL5093829,IC50,5.112,uM,5.29
CHEMBL367150,IC50,5.1,uM,5.29
CHEMBL4575716,IC50,5.18,uM,5.29
CHEMBL4854952,IC50,5.15,uM,5.29
CHEMBL361833,IC50,5.3,uM,5.28
CHEMBL1682337,Ki,5.216,uM,5.28
CHEMBL4067286,IC50,5.25,uM,5.28
CHEMBL5071724,IC50,5.2989999999999995,uM,5.28
CHEMBL4286639,IC50,5.3,uM,5.28
CHEMBL4087337,IC50,5.3,uM,5.28
CHEMBL1084682,IC50,5.413,uM,5.27
CHEMBL4216137,IC50,5.4,uM,5.27
CHEMBL268202,IC50,5.4,uM,5.27
CHEMBL3217793,Ki,5.4,uM,5.27
CHEMBL4206546,IC50,5.54,uM,5.26
CHEMBL4094737,IC50,5.51,uM,5.26
CHEMBL444169,IC50,5.5,uM,5.26
CHEMBL1084683,IC50,5.498,uM,5.26
CHEMBL4575638,IC50,5.46,uM,5.26
CHEMBL4160653,IC50,5.5,uM,5.26
CHEMBL3890986,IC50,5500.0,nM,5.26
CHEMBL564091,IC50,5.69,uM,5.25
CHEMBL270262,IC50,5.56,uM,5.25
CHEMBL4752822,IC50,5.66,uM,5.25
CHEMBL5094203,IC50,5.63,uM,5.25
CHEMBL4641631,IC50,5.64,uM,5.25
CHEMBL3765319,IC50,5.56,uM,5.25
CHEMBL1165662,Ki,5.8,uM,5.24
CHEMBL2163769,Ki,5.8,uM,5.24
CHEMBL5084565,IC50,5.8,uM,5.24
CHEMBL4093852,IC50,5.8,uM,5.24
CHEMBL1170126,IC50,5.9,uM,5.23
CHEMBL306355,IC50,5.9,uM,5.23
CHEMBL24311,IC50,6.0,uM,5.22
CHEMBL4177365,IC50,6.03,uM,5.22
CHEMBL4279366,IC50,6.0,uM,5.22
CHEMBL134501,IC50,6.0,uM,5.22
CHEMBL1801624,IC50,6.0,uM,5.22
CHEMBL5073147,IC50,6.0,uM,5.22
CHEMBL4212059,IC50,6.05,uM,5.22
CHEMBL4087584,IC50,5.99,uM,5.22
CHEMBL4208450,IC50,6.03,uM,5.22
CHEMBL4210913,IC50,6.08,uM,5.22
CHEMBL23840,IC50,6.0,uM,5.22
CHEMBL4066219,IC50,5.96,uM,5.22
CHEMBL417835,IC50,6.0,uM,5.22
CHEMBL232380,IC50,6.01,uM,5.22
CHEMBL4214903,IC50,5.96,uM,5.22
CHEMBL4069382,IC50,5.95,uM,5.22
CHEMBL366259,Ki,6.0,uM,5.22
CHEMBL2062585,IC50,6.0,uM,5.22
CHEMBL77211,IC50,6.0,uM,5.22
CHEMBL4797635,IC50,6.08,uM,5.22
CHEMBL550950,IC50,6.0,uM,5.22
CHEMBL5091334,IC50,6.2,uM,5.21
CHEMBL5092006,IC50,6.2,uM,5.21
CHEMBL218301,IC50,6.1,uM,5.21
CHEMBL5074611,IC50,6.096,uM,5.21
CHEMBL4173598,IC50,6.13,uM,5.21
CHEMBL1938963,IC50,6.3,uM,5.2
CHEMBL4095689,IC50,6.28,uM,5.2
CHEMBL568905,IC50,6.4,uM,5.19
CHEMBL4216522,IC50,6.4,uM,5.19
CHEMBL77584,IC50,6.5,uM,5.19
CHEMBL3980746,IC50,6500.0,nM,5.19
CHEMBL5089459,IC50,6.4,uM,5.19
CHEMBL5079142,IC50,6.6,uM,5.18
CHEMBL4085086,IC50,6.66,uM,5.18
CHEMBL5071369,IC50,6.6,uM,5.18
CHEMBL4845857,IC50,6.59,uM,5.18
CHEMBL69710,IC50,6530.0,nM,5.18
CHEMBL444160,IC50,6.8,uM,5.17
CHEMBL4862811,IC50,6.803999999999999,uM,5.17
CHEMBL1164353,IC50,6.76,uM,5.17
CHEMBL40439,IC50,6.7,uM,5.17
CHEMBL5088760,IC50,6.7,uM,5.17
CHEMBL5207215,IC50,6.78,uM,5.17
CHEMBL310036,IC50,6.8,uM,5.17
CHEMBL77947,IC50,6.8,uM,5.17
CHEMBL5205303,IC50,7.0,uM,5.16
CHEMBL2024360,IC50,7.0,uM,5.16
CHEMBL112564,IC50,6.92,uM,5.16
CHEMBL26241,IC50,7.0,uM,5.16
CHEMBL569595,IC50,6.9,uM,5.16
CHEMBL4208658,IC50,6.9,uM,5.16
CHEMBL4102484,IC50,7.11,uM,5.15
CHEMBL3360318,IC50,7114.0,nM,5.15
CHEMBL4175809,IC50,7.08,uM,5.15
CHEMBL4170146,IC50,7.01,uM,5.15
CHEMBL489421,IC50,7160.0,nM,5.14
CHEMBL582893,IC50,7.2,microM,5.14
CHEMBL1078717,Ki,7.3,uM,5.14
CHEMBL77210,IC50,7.2,uM,5.14
CHEMBL3099842,IC50,7.31,uM,5.14
CHEMBL400717,IC50,7.2,uM,5.14
CHEMBL1077258,IC50,7.165,uM,5.14
CHEMBL4071797,IC50,7.3,uM,5.14
CHEMBL3931871,IC50,7200.0,nM,5.14
CHEMBL4166399,IC50,7.47,uM,5.13
CHEMBL4103448,IC50,7.34,uM,5.13
CHEMBL198058,IC50,7.36,uM,5.13
CHEMBL4094562,IC50,7.4,uM,5.13
CHEMBL6246,IC50,7.5,uM,5.12
CHEMBL405384,IC50,7.5,uM,5.12
CHEMBL4740478,IC50,7.63,uM,5.12
CHEMBL4095674,IC50,7.58,uM,5.12
CHEMBL5091647,IC50,7.5,uM,5.12
CHEMBL4878234,IC50,7.62,uM,5.12
CHEMBL4792401,IC50,7.66,uM,5.12
CHEMBL4100087,IC50,7.5,uM,5.12
CHEMBL2312654,IC50,7.74,uM,5.11
CHEMBL223147,IC50,7.7,uM,5.11
CHEMBL4078207,IC50,7.78,uM,5.11
CHEMBL459575,IC50,7.8,uM,5.11
CHEMBL2203561,IC50,7.83,uM,5.11
CHEMBL416975,IC50,8.0,uM,5.1
CHEMBL1957780,IC50,7.99,uM,5.1
CHEMBL5174091,IC50,8.0,uM,5.1
CHEMBL306347,IC50,8.0,uM,5.1
CHEMBL3358802,IC50,8.0,uM,5.1
CHEMBL384304,Ki,8.0,uM,5.1
CHEMBL4095479,IC50,7.96,uM,5.1
CHEMBL427159,Ki,7.94,uM,5.1
CHEMBL24073,IC50,8.0,uM,5.1
CHEMBL341655,IC50,8.0,uM,5.1
CHEMBL2314101,IC50,8.1,uM,5.09
CHEMBL4869592,IC50,8.1,uM,5.09
CHEMBL98350,IC50,8.1,uM,5.09
CHEMBL5076997,IC50,8.042,uM,5.09
CHEMBL4205137,IC50,8.1,uM,5.09
CHEMBL4213199,IC50,8.1,uM,5.09
CHEMBL1080932,IC50,8200.0,nM,5.09
CHEMBL4204838,IC50,8.1,uM,5.09
CHEMBL5076784,IC50,8.13,uM,5.09
CHEMBL3765050,IC50,8.3,uM,5.08
CHEMBL131770,IC50,8.39,uM,5.08
CHEMBL326531,IC50,8400.0,nM,5.08
CHEMBL4748212,IC50,8.32,uM,5.08
CHEMBL1084684,IC50,8.525,uM,5.07
CHEMBL399696,IC50,8.5,uM,5.07
CHEMBL4104341,IC50,8.48,uM,5.07
CHEMBL4164291,IC50,8.54,uM,5.07
CHEMBL2016642,IC50,8.75,uM,5.06
CHEMBL4209448,IC50,8.75,uM,5.06
CHEMBL4092659,IC50,8.7,uM,5.06
CHEMBL4091061,IC50,8.7,uM,5.06
CHEMBL178769,IC50,8.7,uM,5.06
CHEMBL5079159,IC50,8.69,uM,5.06
CHEMBL4208269,IC50,8.7,uM,5.06
CHEMBL4759305,IC50,8.74,uM,5.06
CHEMBL5197740,IC50,9.0,uM,5.05
CHEMBL3099834,IC50,8.84,uM,5.05
CHEMBL87706,IC50,8.99,uM,5.05
CHEMBL4074837,IC50,9.0,uM,5.05
CHEMBL3093041,IC50,8900.0,nM,5.05
CHEMBL3221392,Ki,9.0,uM,5.05
CHEMBL4084955,IC50,9.23,uM,5.04
CHEMBL4174941,IC50,9.22,uM,5.04
CHEMBL4174355,IC50,9.22,uM,5.04
CHEMBL3765195,IC50,9.06,uM,5.04
CHEMBL2006765,IC50,9.41,uM,5.03
CHEMBL4066679,IC50,9.42,uM,5.03
CHEMBL112483,IC50,9.3,uM,5.03
CHEMBL3764532,IC50,9.63,uM,5.02
CHEMBL4075648,IC50,9.61,uM,5.02
CHEMBL1938402,IC50,9.5,uM,5.02
CHEMBL115875,IC50,9.6,uM,5.02
CHEMBL1272116,IC50,9.6,uM,5.02
CHEMBL3765711,IC50,9.66,uM,5.01
CHEMBL4855201,IC50,9.748,uM,5.01
CHEMBL4780397,IC50,9.75,uM,5.01
CHEMBL4590543,IC50,9.85,uM,5.01
CHEMBL3093045,IC50,9800.0,nM,5.01
CHEMBL249734,IC50,9.82,uM,5.01
CHEMBL3928145,IC50,10000.0,nM,5.0
CHEMBL24693,IC50,10.0,uM,5.0
CHEMBL3358803,IC50,10.0,uM,5.0
CHEMBL99779,IC50,10.0,microM,5.0
CHEMBL284365,IC50,10.0,uM,5.0
CHEMBL4757059,IC50,9.89,uM,5.0
CHEMBL142764,IC50,10.0,uM,5.0
CHEMBL4203890,IC50,10.0,uM,5.0
CHEMBL1352577,IC50,10.0,uM,5.0
CHEMBL4217077,IC50,10.1,uM,5.0
CHEMBL286009,IC50,10.0,uM,5.0
CHEMBL26616,IC50,10.0,uM,5.0
CHEMBL24338,IC50,10.0,uM,5.0
CHEMBL513330,IC50,10.0,uM,5.0
CHEMBL140045,IC50,10.0,uM,5.0
CHEMBL1802401,IC50,9.95,uM,5.0
CHEMBL403233,IC50,10.2,uM,4.99
CHEMBL403562,IC50,10.4,uM,4.98
CHEMBL1077282,IC50,10.546,uM,4.98
CHEMBL403404,IC50,10.6,uM,4.97
CHEMBL2203563,IC50,10.8,uM,4.97
CHEMBL4065388,IC50,10.69,uM,4.97
CHEMBL261249,IC50,11.0,uM,4.96
CHEMBL290211,IC50,11.0,uM,4.96
CHEMBL518732,IC50,11.0,uM,4.96
CHEMBL1085918,IC50,10.892,uM,4.96
CHEMBL203571,IC50,11.0,uM,4.96
CHEMBL471474,IC50,11300.0,nM,4.95
CHEMBL4279439,IC50,11.4,uM,4.94
CHEMBL3120496,IC50,11.6,uM,4.94
CHEMBL323012,IC50,11.7,uM,4.93
CHEMBL4064706,IC50,11.7,uM,4.93
CHEMBL2029696,IC50,11.8,uM,4.93
CHEMBL178268,IC50,12.0,uM,4.92
CHEMBL4750854,IC50,11.9,uM,4.92
CHEMBL77458,IC50,12.0,uM,4.92
CHEMBL5092516,IC50,11.9,uM,4.92
CHEMBL40004,IC50,12.0,uM,4.92
CHEMBL558317,IC50,12.45,uM,4.91
CHEMBL564815,IC50,12.27,uM,4.91
CHEMBL4204026,IC50,12.45,uM,4.91
CHEMBL1085919,IC50,12.247,uM,4.91
CHEMBL559241,IC50,12.44,uM,4.91
CHEMBL4079572,IC50,12.3,uM,4.91
CHEMBL4098364,IC50,12.7,uM,4.9
CHEMBL567824,IC50,13.0,microM,4.89
CHEMBL5170348,IC50,13.0,uM,4.89
CHEMBL3764465,IC50,12.81,uM,4.89
CHEMBL4436958,IC50,12.75,uM,4.89
CHEMBL4207133,IC50,12.94,uM,4.89
CHEMBL400239,IC50,13.31,uM,4.88
CHEMBL1097974,IC50,13200.0,nM,4.88
CHEMBL4289709,IC50,13.6,uM,4.87
CHEMBL559040,IC50,13.58,uM,4.87
CHEMBL460627,IC50,13.5,uM,4.87
CHEMBL1801631,IC50,13.4,uM,4.87
CHEMBL432684,IC50,13.7,uM,4.86
CHEMBL1518160,IC50,13.68,uM,4.86
CHEMBL4066075,IC50,13.86,uM,4.86
CHEMBL38043,IC50,14.1,uM,4.85
CHEMBL4746644,IC50,14.05,uM,4.85
CHEMBL5082923,IC50,14.0,uM,4.85
CHEMBL92361,IC50,14.0,uM,4.85
CHEMBL5200940,IC50,14.67,uM,4.83
CHEMBL183408,Ki,14.8,uM,4.83
CHEMBL3752684,IC50,14.7,uM,4.83
CHEMBL5089457,IC50,15.0,uM,4.82
CHEMBL1201279,IC50,15.0,uM,4.82
CHEMBL305627,IC50,15.0,uM,4.82
CHEMBL249947,IC50,15.2,uM,4.82
CHEMBL103006,IC50,15.3,uM,4.82
CHEMBL104264,IC50,15.0,uM,4.82
CHEMBL77416,IC50,15.0,uM,4.82
CHEMBL259141,IC50,15.0,uM,4.82
CHEMBL4087456,IC50,15.29,uM,4.82
CHEMBL5091900,IC50,15.0,uM,4.82
CHEMBL4790790,IC50,15.39,uM,4.81
CHEMBL4214720,Ki,16.0,uM,4.8
CHEMBL1834321,IC50,16000.0,nM,4.8
CHEMBL3978908,IC50,15.79,uM,4.8
CHEMBL3971275,IC50,15.7,uM,4.8
CHEMBL4090889,IC50,15.84,uM,4.8
CHEMBL5195696,IC50,16.0,uM,4.8
CHEMBL330398,IC50,16.0,microM,4.8
CHEMBL3818247,IC50,16184.0,nM,4.79
CHEMBL252672,IC50,16.6,uM,4.78
CHEMBL1085920,IC50,16.784,uM,4.78
CHEMBL5091798,IC50,17.0,uM,4.77
CHEMBL1084692,IC50,17.103,uM,4.77
CHEMBL4279567,IC50,17.0,uM,4.77
CHEMBL476851,IC50,17.0,uM,4.77
CHEMBL111895,IC50,17.0,uM,4.77
CHEMBL3763264,IC50,16.99,uM,4.77
CHEMBL1834122,IC50,17000.0,nM,4.77
CHEMBL1668411,IC50,18.0,uM,4.75
CHEMBL4064819,IC50,17.9,uM,4.75
CHEMBL3969394,IC50,18.0,uM,4.75
CHEMBL4284111,IC50,18.0,uM,4.75
CHEMBL140,IC50,17.95,uM,4.75
CHEMBL5197823,IC50,18.0,uM,4.75
CHEMBL76427,IC50,18.0,uM,4.75
CHEMBL4283032,IC50,18.0,uM,4.75
CHEMBL4290418,IC50,18.0,uM,4.75
CHEMBL290184,IC50,18.2,uM,4.74
CHEMBL4210679,IC50,18.03,uM,4.74
CHEMBL394683,IC50,18.23,uM,4.74
CHEMBL4078439,IC50,18.6,uM,4.73
CHEMBL4293500,IC50,19.0,uM,4.72
CHEMBL4076026,IC50,18.9,uM,4.72
CHEMBL362296,Ki,19.0,uM,4.72
CHEMBL5088076,IC50,19.0,uM,4.72
CHEMBL4785368,IC50,18.95,uM,4.72
CHEMBL4443876,IC50,19.96,uM,4.7
CHEMBL5083481,IC50,20.0,uM,4.7
CHEMBL202695,IC50,20.0,uM,4.7
CHEMBL26101,IC50,20.0,uM,4.7
CHEMBL4465183,IC50,20.0,uM,4.7
CHEMBL77267,IC50,20.0,uM,4.7
CHEMBL360866,Ki,19.9,uM,4.7
CHEMBL4287006,IC50,20.0,uM,4.7
CHEMBL4278749,IC50,20.0,uM,4.7
CHEMBL523586,IC50,20000.0,nM,4.7
CHEMBL277294,IC50,20.22,uM,4.69
CHEMBL1084693,IC50,20.532,uM,4.69
CHEMBL4287420,IC50,21.0,uM,4.68
CHEMBL1910509,IC50,21.0,uM,4.68
CHEMBL1957944,EC50,21.0,uM,4.68
CHEMBL4205360,IC50,21.2,uM,4.67
CHEMBL178179,IC50,22.0,uM,4.66
CHEMBL4282621,IC50,22.0,uM,4.66
CHEMBL1802963,IC50,22.45,uM,4.65
CHEMBL552406,IC50,22.46,uM,4.65
CHEMBL4081419,IC50,22.4,uM,4.65
CHEMBL290147,IC50,23000.0,nM,4.64
CHEMBL40835,IC50,23000.0,nM,4.64
CHEMBL185516,Ki,23.0,uM,4.64
CHEMBL2163999,IC50,23.0,uM,4.64
CHEMBL408732,IC50,23000.0,nM,4.64
CHEMBL2334795,IC50,23.0,uM,4.64
CHEMBL414128,IC50,23.0,uM,4.64
CHEMBL428968,IC50,23000.0,nM,4.64
CHEMBL40493,IC50,23000.0,nM,4.64
CHEMBL3648680,IC50,23.0,uM,4.64
CHEMBL4097321,IC50,22.9,uM,4.64
CHEMBL4070897,IC50,23.2,uM,4.63
CHEMBL2071610,IC50,24.2,uM,4.62
CHEMBL4166095,IC50,24.36,uM,4.61
CHEMBL496778,IC50,25.0,uM,4.6
CHEMBL523747,IC50,25.0,uM,4.6
CHEMBL445757,IC50,25.0,uM,4.6
CHEMBL399493,IC50,25.0,uM,4.6
CHEMBL497398,IC50,25.0,uM,4.6
CHEMBL497196,IC50,25.0,uM,4.6
CHEMBL495771,IC50,25.0,uM,4.6
CHEMBL343821,IC50,25.0,uM,4.6
CHEMBL2207940,IC50,25.0,uM,4.6
CHEMBL595061,IC50,25.0,uM,4.6
CHEMBL4294290,IC50,25.0,uM,4.6
CHEMBL25829,IC50,25.0,uM,4.6
CHEMBL1083528,IC50,25.038,uM,4.6
CHEMBL4277682,IC50,25.0,uM,4.6
CHEMBL4217051,IC50,25.6,uM,4.59
CHEMBL2203554,IC50,25.6,uM,4.59
CHEMBL1834124,IC50,26000.0,nM,4.58
CHEMBL4287484,IC50,27.0,uM,4.57
CHEMBL2207939,IC50,27.0,uM,4.57
CHEMBL4290903,IC50,27.0,uM,4.57
CHEMBL78264,IC50,27.0,uM,4.57
CHEMBL4793155,IC50,26.96,uM,4.57
CHEMBL399121,IC50,26.9,uM,4.57
CHEMBL4073006,IC50,27.1,uM,4.57
CHEMBL4102694,IC50,27.3,uM,4.56
CHEMBL2334793,IC50,27.8,uM,4.56
CHEMBL180814,IC50,28.0,uM,4.55
CHEMBL4634634,IC50,28.11,uM,4.55
CHEMBL4281295,IC50,28.0,uM,4.55
CHEMBL40022,IC50,29.0,uM,4.54
CHEMBL206109,IC50,29.0,uM,4.54
CHEMBL290436,IC50,29.0,uM,4.54
CHEMBL4060722,IC50,29.7,uM,4.53
CHEMBL1096292,IC50,30000.0,nM,4.52
CHEMBL1096636,IC50,30000.0,nM,4.52
CHEMBL572922,IC50,30.0,microM,4.52
CHEMBL2312645,IC50,30.0,uM,4.52
CHEMBL2071613,IC50,30.1,uM,4.52
CHEMBL2312646,IC50,30.0,uM,4.52
CHEMBL2312649,IC50,30.0,uM,4.52
CHEMBL2312652,IC50,30.0,uM,4.52
CHEMBL2071609,IC50,30.8,uM,4.51
CHEMBL563143,IC50,30.6,uM,4.51
CHEMBL188794,Ki,31.0,uM,4.51
CHEMBL4102903,IC50,31.01,uM,4.51
CHEMBL2071607,IC50,30.8,uM,4.51
CHEMBL524901,IC50,32.0,uM,4.5
CHEMBL4294291,IC50,32.0,uM,4.5
CHEMBL186213,Ki,31.6,uM,4.5
CHEMBL1336,IC50,32.64,uM,4.49
CHEMBL269538,IC50,32.1,uM,4.49
CHEMBL4090172,IC50,33.4,uM,4.48
CHEMBL4286404,IC50,33.0,uM,4.48
CHEMBL4082108,IC50,33.4,uM,4.48
CHEMBL4449662,IC50,33800.0,nM,4.47
CHEMBL4293899,IC50,35.0,uM,4.46
CHEMBL26551,IC50,35.0,uM,4.46
CHEMBL4289675,IC50,35.0,uM,4.46
CHEMBL4279766,IC50,35.0,uM,4.46
CHEMBL2435289,IC50,35.68,uM,4.45
CHEMBL209148,IC50,36.0,uM,4.44
CHEMBL103667,IC50,37.0,uM,4.43
CHEMBL2334794,IC50,37.8,uM,4.42
CHEMBL2203565,IC50,38.1,uM,4.42
CHEMBL2334799,IC50,40.0,uM,4.4
CHEMBL3358804,IC50,40.0,uM,4.4
CHEMBL2207941,IC50,40.0,uM,4.4
CHEMBL2435287,IC50,40.18,uM,4.4
CHEMBL361348,IC50,40.0,uM,4.4
CHEMBL2435286,IC50,42.18,uM,4.38
CHEMBL206659,IC50,43.0,uM,4.37
CHEMBL2334786,IC50,42.7,uM,4.37
CHEMBL4640598,IC50,44.48,uM,4.35
CHEMBL4289419,IC50,45.0,uM,4.35
CHEMBL2071612,IC50,44.5,uM,4.35
CHEMBL4083384,IC50,44.3,uM,4.35
CHEMBL4094063,IC50,45.9,uM,4.34
CHEMBL9352,IC50,45.7,uM,4.34
CHEMBL4641672,IC50,46.5,uM,4.33
CHEMBL4075286,IC50,46.7,uM,4.33
CHEMBL4287074,IC50,48.0,uM,4.32
CHEMBL2207946,IC50,47.5,uM,4.32
CHEMBL4277428,IC50,49.0,uM,4.31
CHEMBL143525,IC50,50.0,uM,4.3
CHEMBL2313844,IC50,50.0,uM,4.3
CHEMBL359135,IC50,50.0,uM,4.3
CHEMBL1081198,IC50,50.0,uM,4.3
CHEMBL361231,IC50,50.0,uM,4.3
CHEMBL4204473,IC50,50.0,uM,4.3
CHEMBL1801620,IC50,50.0,uM,4.3
CHEMBL382607,IC50,50.0,uM,4.3
CHEMBL4213595,IC50,50.0,uM,4.3
CHEMBL105712,IC50,50.0,uM,4.3
CHEMBL4215567,IC50,50.0,uM,4.3
CHEMBL4062211,IC50,51.7,uM,4.29
CHEMBL4277269,IC50,51.0,uM,4.29
CHEMBL2203564,IC50,53.3,uM,4.27
CHEMBL2420911,IC50,55.0,uM,4.26
CHEMBL77002,IC50,60.0,uM,4.22
CHEMBL2071614,IC50,60.0,uM,4.22
CHEMBL571525,IC50,65.0,uM,4.19
CHEMBL284125,IC50,65.0,uM,4.19
CHEMBL4285999,IC50,66.0,uM,4.18
CHEMBL4073420,IC50,68.3,uM,4.17
CHEMBL2334798,IC50,67.8,uM,4.17
CHEMBL5092599,IC50,67.2,uM,4.17
CHEMBL573428,IC50,70.0,uM,4.16
CHEMBL24773,IC50,70.0,uM,4.16
CHEMBL2334797,IC50,71.3,uM,4.15
CHEMBL2334789,IC50,73.9,uM,4.13
CHEMBL2334791,IC50,73.7,uM,4.13
CHEMBL4100927,IC50,74.9,uM,4.13
CHEMBL4280203,IC50,75.0,uM,4.12
CHEMBL2334790,IC50,76.1,uM,4.12
CHEMBL142327,IC50,75.0,uM,4.12
CHEMBL596364,IC50,75.0,uM,4.12
CHEMBL25927,IC50,75.0,uM,4.12
CHEMBL1448,IC50,77.5,uM,4.11
CHEMBL2207938,IC50,77.2,uM,4.11
CHEMBL4290490,IC50,80.0,uM,4.1
CHEMBL2334796,IC50,81.5,uM,4.09
CHEMBL312065,IC50,85.0,uM,4.07
CHEMBL5092320,IC50,89.3,uM,4.05
CHEMBL4279152,IC50,90.0,uM,4.05
CHEMBL5081821,IC50,91.0,uM,4.04
CHEMBL5073240,IC50,96.1,uM,4.02
CHEMBL449317,IC50,100.0,uM,4.0
CHEMBL451532,IC50,100.0,uM,4.0
CHEMBL4294709,IC50,100.0,uM,4.0
CHEMBL1801613,IC50,100.0,uM,4.0
CHEMBL1801612,IC50,100.0,uM,4.0
CHEMBL3745772,IC50,100.0,uM,4.0
CHEMBL26000,IC50,100.0,uM,4.0
CHEMBL3986013,IC50,322.0,uM,3.49
CHEMBL48082,IC50,350.0,uM,3.46
CHEMBL50226,IC50,420.0,uM,3.38
CHEMBL2207943,IC50,480.0,uM,3.32
CHEMBL2207942,IC50,830.0,uM,3.08
